samplename	sampleID	orig.ident	Year	Batch	Silk_status	NGI_Sample_ID	Sample_nr	Library_info	Silked_status	cDNA Conc (nM)	Estimated_Number_of_Cells	Mean_Reads_per_Cell	Median_Genes_per_Cell	Number_of_Reads	Valid_Barcodes	Sequencing_Saturation	Q30_Bases_in_Barcode	Q30_Bases_in_RNA_Read	Q30_Bases_in_Sample_Index	Q30_Bases_in_UMI	Reads_Mapped_to_Genome	Reads_Mapped_Confidently_to_Genome	Reads_Mapped_Confidently_to_Intergenic_Regions	Reads_Mapped_Confidently_to_Intronic_Regions	Reads_Mapped_Confidently_to_Exonic_Regions	Reads_Mapped_Confidently_to_Transcriptome	Reads_Mapped_Antisense_to_Gene	Fraction_Reads_in_Cells	Total_Genes_Detected	Median_UMI_Counts_per_Cell
P14601_1001_Results	Sample_1a	Sample_1a	2019	B1	Silked	P14601_1001	S1	S1_1	Silked	27.2	153	199.668	517	30549278	90.1%	36.2%	96.2%	94.6%	93.9%	95.7%	76.9%	73.7%	30.8%	22.1%	20.9%	17.9%	1.7%	26.8%	10.096	1.412
P14601_1002_Results	Sample_1b	Sample_1b	2019	B1	Silked	P14601_1002	S1	S1_2	Silked	27.6	115	255.651	531	29399972	89.5%	36.2%	96.2%	94.5%	94.7%	95.8%	76.3%	72.9%	31.6%	21.1%	20.2%	16.9%	2.0%	28.4%	9.883	1.755
P14601_1003_Results	Sample_2a	Sample_2a	2019	B1	nonSilked	P14601_1003	S2	S2_1	Non-silked	36.6	503	38.515	832	19373312	90.2%	23.8%	96.4%	94.1%	95.4%	96.0%	78.0%	72.2%	20.4%	21.4%	30.4%	26.2%	1.1%	77.6%	11.476	2.473
P14601_1004_Results	Sample_2b	Sample_2b	2019	B1	nonSilked	P14601_1004	S2	S2_2	Non-silked	25.9	540	36.944	760	19949881	90.0%	24.5%	96.6%	94.0%	94.5%	96.3%	79.0%	73.6%	22.1%	20.9%	30.6%	26.3%	1.1%	75.7%	11.456	2.158
P14601_1005_Results	Sample_3a	Sample_3a	2019	B1	Silked	P14601_1005	S3	S3_1	Silked	69.7	604	37.28	588	22517133	92.3%	29.3%	96.6%	94.4%	92.8%	96.2%	86.1%	79.5%	28.2%	11.2%	40.0%	35.2%	1.0%	65.7%	11.177	1.618
P14601_1006_Results	Sample_3b	Sample_3b	2019	B1	Silked	P14601_1006	S3	S3_2	Silked	42	594	52.472	817	31168489	92.0%	29.2%	96.5%	94.2%	94.3%	96.2%	82.6%	74.5%	29.5%	12.5%	32.5%	28.6%	1.3%	67.6%	11.377	2.532
P14601_1007_Results	Sample_4a	Sample_4a	2019	B1	nonSilked	P14601_1007	S4	S4_1	Non-silked	33	261	96.629	758	25220339	88.3%	37.0%	96.6%	94.5%	94.8%	96.2%	79.8%	73.8%	28.2%	15.3%	30.4%	26.1%	1.3%	59.0%	11.188	1.873
P14601_1008_Results	Sample_4b	Sample_4b	2019	B1	nonSilked	P14601_1008	S4	S4_2	Non-silked	45.3	253	103.263	609	26125690	87.1%	37.7%	96.6%	94.7%	91.1%	96.2%	80.5%	75.5%	31.3%	14.8%	29.3%	25.0%	1.3%	52.9%	10.958	1.542
P14601_1009_Results	Sample_5a	Sample_5a	2019	B1	nonSilked	P14601_1009	S5	S5_1	Non-silked	49.6	259	72.738	734	18839168	86.5%	25.4%	96.3%	94.3%	93.9%	95.9%	80.3%	75.3%	34.1%	17.9%	23.3%	19.1%	2.5%	50.9%	10.563	1.796
P14601_1010_Results	Sample_5b	Sample_5b	2019	B1	nonSilked	P14601_1010	S5	S5_2	Non-silked	50.7	282	70.239	701	19807399	86.9%	27.9%	96.5%	94.4%	92.9%	96.1%	82.2%	76.7%	32.3%	14.7%	29.8%	25.3%	1.4%	52.6%	11.013	1.687
P14601_1011_Results	Sample_6a	Sample_6a	2019	B1	Silked	P14601_1011	S6	S6_1	Silked	45.2	553	41.131	784	22745692	86.7%	26.4%	96.7%	93.9%	93.5%	96.4%	69.7%	62.7%	19.7%	14.9%	28.1%	24.9%	0.8%	64.3%	11.541	2.352
P14601_1012_Results	Sample_6b	Sample_6b	2019	B1	Silked	P14601_1012	S6	S6_2	Silked	35.4	504	39.783	684	20050751	85.9%	22.7%	96.4%	93.9%	92.4%	96.1%	64.0%	57.0%	19.5%	15.9%	21.6%	19.4%	0.9%	59.4%	11.011	2.015
P14601_1013_Results	Sample_7a	Sample_7a	2019	B1	nonSilked	P14601_1013	S7	S7_1	Non-silked	66.7	1.546	11.879	659	18365102	93.0%	23.5%	96.7%	94.4%	93.8%	96.5%	83.5%	76.1%	14.7%	10.9%	50.5%	46.1%	0.6%	83.3%	11.839	2.103
P14601_1014_Results	Sample_7b	Sample_7b	2019	B1	nonSilked	P14601_1014	S7	S7_2	Non-silked	39.4	1.454	15.434	685	22441258	94.0%	23.4%	96.6%	94.1%	94.8%	96.4%	84.8%	77.5%	13.1%	9.7%	54.7%	50.1%	0.5%	64.7%	11.921	2.13
P14601_1015_Results	Sample_8a	Sample_8a	2019	B1	nonSilked	P14601_1015	S8	S8_1	Non-silked	5245	400	46.749	946	18699952	90.3%	28.5%	96.7%	94.5%	93.3%	96.5%	84.3%	78.2%	25.0%	13.6%	39.7%	34.3%	0.9%	71.6%	10.912	3.938
P14601_1016_Results	Sample_8b	Sample_8b	2019	B1	nonSilked	P14601_1016	S8	S8_2	Non-silked	5415	405	44.419	840	17989868	90.3%	27.4%	96.7%	94.7%	94.8%	96.5%	85.0%	78.7%	23.2%	13.0%	42.5%	37.1%	0.8%	59.3%	10.756	3.507
P14601_1017_Results	Sample_9a	Sample_9a	2019	B1	Silked	P14601_1017	S9	S9_1	Silked	5531	183	95.452	589	17467803	88.9%	24.6%	96.2%	94.5%	94.0%	95.9%	80.5%	76.3%	35.6%	13.5%	27.2%	23.1%	1.7%	37.1%	9.62	2.242
P14601_1018_Results	Sample_9b	Sample_9b	2019	B1	Silked	P14601_1018	S9	S9_2	Silked	707	205	99.491	711	20395693	89.3%	27.0%	96.4%	94.5%	94.5%	96.0%	81.4%	76.9%	34.8%	13.5%	28.6%	24.5%	1.7%	44.8%	9.651	3.029
P14601_1019_Results	Sample_10a	Sample_10a	2019	B1	Silked	P14601_1019	S10	S10_1	Silked	6608	284	96.699	907	27462794	86.8%	29.8%	96.5%	94.8%	95.8%	96.2%	78.2%	74.3%	29.1%	15.6%	29.6%	25.8%	1.1%	58.5%	10.828	3.728
P14601_1020_Results	Sample_10b	Sample_10b	2019	B1	Silked	P14601_1020	S10	S10_2	Silked	5197	271	79.828	815	21633439	88.3%	25.6%	96.5%	94.5%	93.7%	96.2%	79.2%	74.9%	26.4%	14.7%	33.8%	29.8%	1.1%	38.6%	10.446	3.782
P18856_2003_Results	Sample_11	Sample_11	2020	B2	Silked	P18856_2003	S11	S11_1	Silked	5.87	4.195	10.535	426	44198428	98.3%	29.5%	95.9%	91.7%	94.1%	95.5%	86.9%	80.5%	9.0%	6.1%	65.4%	60.8%	0.3%	63.6%	12.666	1.299
P18856_2004_Results	Sample_12	Sample_12	2020	B2	nonSilked	P18856_2004	S12	S12_1	Non-silked	6.87	4.992	14.518	645	72474745	98.2%	34.2%	95.9%	92.4%	94.2%	95.5%	91.3%	84.2%	6.7%	5.0%	72.5%	67.5%	0.5%	76.3%	13.129	2.447
P18856_2006_Results	Sample_13	Sample_13	2020	B2	Silked	P18856_2006	S13	S13_1	Silked	5.26	4.255	11.787	350	50156086	96.1%	39.9%	95.8%	92.0%	92.6%	95.3%	88.7%	80.1%	16.8%	10.0%	53.3%	49.1%	0.6%	73.8%	12.588	1.05
P18856_2007_Results	Sample_14	Sample_14	2020	B2	nonSilked	P18856_2007	S14	S14_1	Non-silked	6.619999999999999	459	82.707	510	37962552	95.3%	38.9%	95.8%	92.0%	92.0%	95.2%	81.4%	76.4%	28.8%	17.8%	29.8%	26.7%	0.7%	47.6%	11.813	1.42
P18856_4001_Results	Sample_15	Sample_15	2020	B3	Silked	P18856_4001	S15	S15_1	Silked	7.4841498920004	437	29.991	199	13106489	95.9%	79.7%	97.5%	94.6%	93.3%	97.4%	87.2%	77.5%	15.9%	3.9%	57.7%	53.4%	1.7%	47.3%	7.988	438
P18856_4002_Results	Sample_16	Sample_16	2020	B3	nonSilked	P18856_4002	S16	S16_1	Non-silked	6.386348938759802	504	32.886	357	16574935	97.8%	44.5%	97.6%	94.7%	95.8%	97.5%	92.7%	80.3%	11.7%	4.3%	64.3%	56.4%	0.9%	18.8%	9.368	1.199
P18856_4003_Results	Sample_17	Sample_17	2020	B3	Silked	P18856_4003	S17	S17_1	Silked	6.0969336384657	3.715	33	7	125.29600000000002	96.7%	8.1%	95.2%	90.1%	83.8%	95.6%	78.3%	68.7%	9.9%	4.6%	54.1%	49.9%	0.4%	64.0%	3.605	7
P18856_4004_Results	Sample_18	Sample_18	2020	B3	Silked	P18856_4004	S18	S18_1	Silked	7.758101862013239	3.103	4.214	325	13076562	98.4%	16.7%	97.6%	94.2%	92.5%	97.5%	90.5%	84.6%	7.3%	5.5%	71.8%	66.7%	0.6%	53.4%	10.935	869
P18856_4005_Results	Sample_19	Sample_19	2020	B3	nonSilked	P18856_4005	S19	S19_1	Non-silked	8.443521145591843	2.83	4.493	332	12717578	97.6%	9.5%	97.4%	94.5%	91.6%	97.3%	86.8%	80.5%	14.4%	13.6%	52.4%	48.8%	0.8%	51.8%	10.683	768
P18856_4006_Results	Sample_20	Sample_20	2020	B3	nonSilked	P18856_4006	S20	S20_1	Non-silked	20.27268678381373	2.702	6.832	443	18460460	98.4%	28.8%	97.7%	94.0%	93.9%	97.6%	91.0%	83.9%	8.8%	6.4%	68.7%	64.1%	0.5%	58.3%	12.151	1.096
