SpotID,Sample,file,majorAmpullateZones,x,y
Slide1_AAACTGCTGGCTCCAA-1,Slide1,P18163_1001_MAzones.csv,ZoneC,24151,27643
Slide1_AAATACCTATAAGCAT-1,Slide1,P18163_1001_MAzones.csv,ZoneA,24733,28653
Slide1_AAATCGTGTACCACAA-1,Slide1,P18163_1001_MAzones.csv,ZoneA,20957,27141
Slide1_AAGCTAGATCGAGTAA-1,Slide1,P18163_1001_MAzones.csv,ZoneA,24444,30169
Slide1_ACAATTTGAGCAGTGG-1,Slide1,P18163_1001_MAzones.csv,ZoneA,28498,19050
Slide1_ACACGGGAACTTAGGG-1,Slide1,P18163_1001_MAzones.csv,ZoneA,25304,18548
Slide1_ACCCGGTTACACTTCC-1,Slide1,P18163_1001_MAzones.csv,ZoneA,18633,26133
Slide1_ACCGACTGAGTCCCAC-1,Slide1,P18163_1001_MAzones.csv,ZoneA,23852,19055
Slide1_ACTCAATAAAGGCACG-1,Slide1,P18163_1001_MAzones.csv,ZoneA,24722,17538
Slide1_ACTCCCTAGAATAGTA-1,Slide1,P18163_1001_MAzones.csv,ZoneA,25024,29158
Slide1_ACTGTACGATACACAT-1,Slide1,P18163_1001_MAzones.csv,ZoneC,27338,20062
Slide1_ACTTCGCCATACGCAC-1,Slide1,P18163_1001_MAzones.csv,ZoneA,26465,18547
Slide1_AGAACGTGGTACATTC-1,Slide1,P18163_1001_MAzones.csv,ZoneA,25884,18547
Slide1_AGATCTCAGGTGTGAT-1,Slide1,P18163_1001_MAzones.csv,ZoneC,26466,19557
Slide1_AGCACCAGTACTCACG-1,Slide1,P18163_1001_MAzones.csv,ZoneA,23561,18550
Slide1_AGGGTTCCCTTTGGTT-1,Slide1,P18163_1001_MAzones.csv,ZoneA,30241,20059
Slide1_AGTCAACACCACCATC-1,Slide1,P18163_1001_MAzones.csv,ZoneA,18342,25628
Slide1_AGTGACCTACTTTACG-1,Slide1,P18163_1001_MAzones.csv,ZoneA,19795,27142
Slide1_ATAAACGGACCCGTAA-1,Slide1,P18163_1001_MAzones.csv,ZoneA,22410,28655
Slide1_ATAACGGAGTCCAACG-1,Slide1,P18163_1001_MAzones.csv,ZoneA,26464,17536
Slide1_ATAAGGTGGAGAACAT-1,Slide1,P18163_1001_MAzones.csv,ZoneA,25605,30168
Slide1_ATAAGTTACCGCGACG-1,Slide1,P18163_1001_MAzones.csv,ZoneA,19796,28153
Slide1_ATAATAGCTGTTGAAT-1,Slide1,P18163_1001_MAzones.csv,ZoneA,22991,28655
Slide1_ATAGGTTGGGCAGATG-1,Slide1,P18163_1001_MAzones.csv,ZoneA,23272,19055
Slide1_ATCTGGTTAAGACTGT-1,Slide1,P18163_1001_MAzones.csv,ZoneA,26755,18041
Slide1_ATGATGCAATGGTACA-1,Slide1,P18163_1001_MAzones.csv,ZoneA,19215,27143
Slide1_ATGTGGACATCTTGAT-1,Slide1,P18163_1001_MAzones.csv,ZoneA,25314,28652
Slide1_ATTCATATACTGTCCA-1,Slide1,P18163_1001_MAzones.csv,ZoneA,22119,28150
Slide1_CAAATGTCCTTCCGTG-1,Slide1,P18163_1001_MAzones.csv,ZoneA,20086,27647
Slide1_CAATAAACCTTGGCCC-1,Slide1,P18163_1001_MAzones.csv,ZoneA,26174,18042
Slide1_CAATGGATCTCTACCA-1,Slide1,P18163_1001_MAzones.csv,ZoneA,29659,19049
Slide1_CAATTAAGGGTGATGA-1,Slide1,P18163_1001_MAzones.csv,ZoneA,23562,19560
Slide1_CACAATGAGCTGCTAT-1,Slide1,P18163_1001_MAzones.csv,ZoneA,19214,26132
Slide1_CAGAGCATGAGCTTGC-1,Slide1,P18163_1001_MAzones.csv,ZoneA,25013,18043
Slide1_CAGCAGCCCGTTCCTT-1,Slide1,P18163_1001_MAzones.csv,ZoneA,27337,19051
Slide1_CAGCTCGACAAGTTAA-1,Slide1,P18163_1001_MAzones.csv,ZoneA,30821,19048
Slide1_CATGGTCTAGATACCG-1,Slide1,P18163_1001_MAzones.csv,ZoneA,23851,18044
Slide1_CCACAATGTACGTCTT-1,Slide1,P18163_1001_MAzones.csv,ZoneA,29370,19555
Slide1_CCAGATAGTTGAGTGA-1,Slide1,P18163_1001_MAzones.csv,ZoneA,29079,19050
Slide1_CCCGCAGCGCGAACTA-1,Slide1,P18163_1001_MAzones.csv,ZoneA,24153,29664
Slide1_CCGAACCTTCCCGGCC-1,Slide1,P18163_1001_MAzones.csv,ZoneA,25315,29663
Slide1_CCGCTATCAGCACCAG-1,Slide1,P18163_1001_MAzones.csv,ZoneA,22990,27644
Slide1_CCTATGGGTTACCGTC-1,Slide1,P18163_1001_MAzones.csv,ZoneA,24724,19559
Slide1_CCTGACCACCGATGGT-1,Slide1,P18163_1001_MAzones.csv,ZoneA,22409,27645
Slide1_CCTGTCACCCGGGCTC-1,Slide1,P18163_1001_MAzones.csv,ZoneA,24143,19560
Slide1_CGAGAGATGTGAACCT-1,Slide1,P18163_1001_MAzones.csv,ZoneC,25885,19558
Slide1_CGAGTTCTGTCCCACC-1,Slide1,P18163_1001_MAzones.csv,ZoneA,29369,18544
Slide1_CGCGGGAATTAGGCAG-1,Slide1,P18163_1001_MAzones.csv,ZoneA,27917,19051
Slide1_CGCTTTCTTGCATTCG-1,Slide1,P18163_1001_MAzones.csv,ZoneA,29371,20565
Slide1_CGGGAATTTATGTAAA-1,Slide1,P18163_1001_MAzones.csv,ZoneC,23570,27644
Slide1_CGGTCAAGTGGGAACC-1,Slide1,P18163_1001_MAzones.csv,ZoneA,27916,18040
Slide1_CTAAATCCTATTCCGG-1,Slide1,P18163_1001_MAzones.csv,ZoneA,29078,18039
Slide1_CTACTGCCACCTGACC-1,Slide1,P18163_1001_MAzones.csv,ZoneA,22981,18550
Slide1_CTAGTTGGGCCCGGTA-1,Slide1,P18163_1001_MAzones.csv,ZoneA,24432,18044
Slide1_CTCTATTTGGCTGCAG-1,Slide1,P18163_1001_MAzones.csv,ZoneA,24443,29159
Slide1_CTGAATCCGAGACCTC-1,Slide1,P18163_1001_MAzones.csv,ZoneA,20087,28658
Slide1_CTTGCCCAGGCTCTAC-1,Slide1,P18163_1001_MAzones.csv,ZoneA,20667,27647
Slide1_CTTTAGTGCTATTATT-1,Slide1,P18163_1001_MAzones.csv,ZoneC,23280,27139
Slide1_GAAACCGAATTACCTT-1,Slide1,P18163_1001_MAzones.csv,ZoneA,19505,27648
Slide1_GAATTCACCCGGGTGT-1,Slide1,P18163_1001_MAzones.csv,ZoneA,20668,28657
Slide1_GAGATCTGTCACTCCG-1,Slide1,P18163_1001_MAzones.csv,ZoneC,26176,20063
Slide1_GAGCTAAGGGCATATC-1,Slide1,P18163_1001_MAzones.csv,ZoneA,28789,19555
Slide1_GAGTCCGCTTACCGGA-1,Slide1,P18163_1001_MAzones.csv,ZoneA,21538,28151
Slide1_GATCGGTGGCCATAAC-1,Slide1,P18163_1001_MAzones.csv,ZoneA,24433,19054
Slide1_GCATGAGGGACGCGGC-1,Slide1,P18163_1001_MAzones.csv,ZoneA,30822,20058
Slide1_GCCCGTAATACCTTCT-1,Slide1,P18163_1001_MAzones.csv,ZoneA,27626,18546
Slide1_GCCTATAGTGTCAGGG-1,Slide1,P18163_1001_MAzones.csv,ZoneA,31112,19553
Slide1_GCTTCCGTCCCTAGAC-1,Slide1,P18163_1001_MAzones.csv,ZoneC,27047,19557
Slide1_GGAGCACCAAGAACTA-1,Slide1,P18163_1001_MAzones.csv,ZoneA,28497,18040
Slide1_GGATTTCACTTCTATA-1,Slide1,P18163_1001_MAzones.csv,ZoneA,28790,20566
Slide1_GGCAAGGCGAAATAGC-1,Slide1,P18163_1001_MAzones.csv,ZoneC,24732,27643
Slide1_GGCGCGTTCGAGTTTA-1,Slide1,P18163_1001_MAzones.csv,ZoneA,21829,28656
Slide1_GGCTCTGCTCCAACGC-1,Slide1,P18163_1001_MAzones.csv,ZoneA,25593,18043
Slide1_GGGTGACACCTTAACT-1,Slide1,P18163_1001_MAzones.csv,ZoneA,20958,28152
Slide1_GGTCTGAGAATCTGGA-1,Slide1,P18163_1001_MAzones.csv,ZoneA,27918,20061
Slide1_GGTTTACAATCTCAAT-1,Slide1,P18163_1001_MAzones.csv,ZoneA,25883,17537
Slide1_GTAGCCAAACATGGGA-1,Slide1,P18163_1001_MAzones.csv,ZoneA,25025,30168
Slide1_GTATCTTTCATAACCA-1,Slide1,P18163_1001_MAzones.csv,ZoneA,23861,28149
Slide1_GTCGTACCATCTCGGG-1,Slide1,P18163_1001_MAzones.csv,ZoneA,22700,28150
Slide1_GTGACTTCAGTAGTGC-1,Slide1,P18163_1001_MAzones.csv,ZoneA,19216,28153
Slide1_GTGATCATAGATCTGC-1,Slide1,P18163_1001_MAzones.csv,ZoneA,21248,27646
Slide1_GTGTACCTTGGCTACG-1,Slide1,P18163_1001_MAzones.csv,ZoneA,27336,18041
Slide1_GTTACCTACAACTTGC-1,Slide1,P18163_1001_MAzones.csv,ZoneA,24152,28654
Slide1_TAAAGCGTTAGGAGAA-1,Slide1,P18163_1001_MAzones.csv,ZoneA,30240,19048
Slide1_TAACTCATCCGCGCGG-1,Slide1,P18163_1001_MAzones.csv,ZoneA,18924,26638
Slide1_TAAGGCAACATAAGAT-1,Slide1,P18163_1001_MAzones.csv,ZoneA,25303,17538
Slide1_TACAACGCACAACTCA-1,Slide1,P18163_1001_MAzones.csv,ZoneA,18923,25627
Slide1_TACCGGCTCACTGCCC-1,Slide1,P18163_1001_MAzones.csv,ZoneA,23571,28654
Slide1_TACGACGCTTGCTGCG-1,Slide1,P18163_1001_MAzones.csv,ZoneA,20377,28152
Slide1_TACGACTGCCTCTTAG-1,Slide1,P18163_1001_MAzones.csv,ZoneC,23860,27138
Slide1_TAGAAAGGTGGCGCTA-1,Slide1,P18163_1001_MAzones.csv,ZoneA,28209,20566
Slide1_TCACCCTCTTAAGATT-1,Slide1,P18163_1001_MAzones.csv,ZoneA,21828,27645
Slide1_TCACCGCTCGGCACTC-1,Slide1,P18163_1001_MAzones.csv,ZoneA,31403,20058
Slide1_TCAGGGTGTAACGTAA-1,Slide1,P18163_1001_MAzones.csv,ZoneC,25594,19053
Slide1_TCCACTTTATCTAGGT-1,Slide1,P18163_1001_MAzones.csv,ZoneA,27628,20567
Slide1_TCCCGCGTACTCCTGG-1,Slide1,P18163_1001_MAzones.csv,ZoneA,24723,18549
Slide1_TCCGTTTAGCCTTGAA-1,Slide1,P18163_1001_MAzones.csv,ZoneA,30531,19553
Slide1_TCGCTGGGCGGATTGT-1,Slide1,P18163_1001_MAzones.csv,ZoneC,26175,19052
Slide1_TCGTAAGACGACATTG-1,Slide1,P18163_1001_MAzones.csv,ZoneA,27046,18546
Slide1_TCTACCGTCCACAAGC-1,Slide1,P18163_1001_MAzones.csv,ZoneA,24142,18549
Slide1_TCTAGCATGCCCAGAA-1,Slide1,P18163_1001_MAzones.csv,ZoneA,23862,29159
Slide1_TGACTATAATCCTTTC-1,Slide1,P18163_1001_MAzones.csv,ZoneA,24442,28148
Slide1_TGAGTAAATTAGCGTA-1,Slide1,P18163_1001_MAzones.csv,ZoneA,21249,28656
Slide1_TGCATGTGGTAATCTA-1,Slide1,P18163_1001_MAzones.csv,ZoneA,28208,19556
Slide1_TGCCAGTACGTGGAGA-1,Slide1,P18163_1001_MAzones.csv,ZoneA,25316,30673
Slide1_TGGCAGATTACGATCA-1,Slide1,P18163_1001_MAzones.csv,ZoneA,21537,27141
Slide1_TGGCCAAACTGAAGTA-1,Slide1,P18163_1001_MAzones.csv,ZoneC,26756,19052
Slide1_TGTATAACAGATCCTG-1,Slide1,P18163_1001_MAzones.csv,ZoneC,27627,19556
Slide1_TGTGGCAAAGCGTATG-1,Slide1,P18163_1001_MAzones.csv,ZoneA,29950,19554
Slide1_TTACTGGGATATTTCA-1,Slide1,P18163_1001_MAzones.csv,ZoneA,20376,27142
Slide1_TTATTAGAGCGTGTTC-1,Slide1,P18163_1001_MAzones.csv,ZoneA,25023,28148
Slide1_TTCCGCGTGAGGCGAT-1,Slide1,P18163_1001_MAzones.csv,ZoneA,23281,28149
Slide1_TTCTGCCGCGCCTAGA-1,Slide1,P18163_1001_MAzones.csv,ZoneA,24734,29664
Slide1_TTGGGACACTGCCCGC-1,Slide1,P18163_1001_MAzones.csv,ZoneA,25014,19054
Slide1_TTGGGCGGCGGTTGCC-1,Slide1,P18163_1001_MAzones.csv,ZoneC,26757,20062
Slide1_TTGTAAGGCCAGTTGG-1,Slide1,P18163_1001_MAzones.csv,ZoneA,28207,18545
Slide1_TTGTTGTGTGTCAAGA-1,Slide1,P18163_1001_MAzones.csv,ZoneC,27048,20567
Slide2_AACAACTGGTAGTTGC-1,Slide2,P18163_1002_MAzones.csv,ZoneC,17318,19222
Slide2_AACGTCAGACTAGTGG-1,Slide2,P18163_1002_MAzones.csv,ZoneA,16735,17201
Slide2_AAGGCTGTGCTCATCG-1,Slide2,P18163_1002_MAzones.csv,ZoneC,18481,20232
Slide2_ACACCTTAAGTAGGGC-1,Slide2,P18163_1002_MAzones.csv,ZoneA,17607,17706
Slide2_ACCACAAGTTTCTATC-1,Slide2,P18163_1002_MAzones.csv,ZoneA,20805,20230
Slide2_ACTACCAGCTCTCTGG-1,Slide2,P18163_1002_MAzones.csv,ZoneA,17026,17706
Slide2_ACTGTAGCACTTTGGA-1,Slide2,P18163_1002_MAzones.csv,ZoneC,16446,18718
Slide2_ACTGTCCAGGATTATA-1,Slide2,P18163_1002_MAzones.csv,ZoneA,21097,21746
Slide2_AGACCCGCCCTCCTCG-1,Slide2,P18163_1002_MAzones.csv,ZoneA,21384,18207
Slide2_AGACTAGCCTTCCAGA-1,Slide2,P18163_1002_MAzones.csv,ZoneC,18480,19221
Slide2_AGATAACTTCAGGGCC-1,Slide2,P18163_1002_MAzones.csv,ZoneA,17901,21244
Slide2_AGCGACCAACGATATT-1,Slide2,P18163_1002_MAzones.csv,ZoneA,21093,17702
Slide2_AGGCCACCCGTTATGA-1,Slide2,P18163_1002_MAzones.csv,ZoneA,16156,19223
Slide2_ATAGACGAAGAGAAAG-1,Slide2,P18163_1002_MAzones.csv,ZoneA,18192,21749
Slide2_ATATTTAACCCTCAAG-1,Slide2,P18163_1002_MAzones.csv,ZoneA,21096,20735
Slide2_ATCGCACGCCGGGAGA-1,Slide2,P18163_1002_MAzones.csv,ZoneA,21674,17702
Slide2_ATCTTGACCTGCAACG-1,Slide2,P18163_1002_MAzones.csv,ZoneC,17898,18211
Slide2_ATGCACTACCGCATTG-1,Slide2,P18163_1002_MAzones.csv,ZoneC,18189,18716
Slide2_ATTCCTCCGCCAGTGC-1,Slide2,P18163_1002_MAzones.csv,ZoneA,16444,16696
Slide2_CAAACGGTCGCACTTT-1,Slide2,P18163_1002_MAzones.csv,ZoneC,16738,20234
Slide2_CACAGCACCCACGGCA-1,Slide2,P18163_1002_MAzones.csv,ZoneA,22258,20734
Slide2_CACCGCCAGAAGGTTT-1,Slide2,P18163_1002_MAzones.csv,ZoneA,22256,18712
Slide2_CACGCAGCGAGGCTTT-1,Slide2,P18163_1002_MAzones.csv,ZoneC,17610,20738
Slide2_CAGATACTAACATAGT-1,Slide2,P18163_1002_MAzones.csv,ZoneC,18479,18210
Slide2_CAGCTCACTGAGACAT-1,Slide2,P18163_1002_MAzones.csv,ZoneA,22259,21745
Slide2_CATTATGCTTGTTGTG-1,Slide2,P18163_1002_MAzones.csv,ZoneA,20222,18209
Slide2_CCAGGGACGTGGCCTC-1,Slide2,P18163_1002_MAzones.csv,ZoneA,20513,18714
Slide2_CCTGGCTAGACCCGCC-1,Slide2,P18163_1002_MAzones.csv,ZoneC,17609,19727
Slide2_CGCAAACACGAGTTAC-1,Slide2,P18163_1002_MAzones.csv,ZoneA,15865,18718
Slide2_CGCAATTAGGGTAATA-1,Slide2,P18163_1002_MAzones.csv,ZoneC,17899,19222
Slide2_CGCATTAGCTAATAGG-1,Slide2,P18163_1002_MAzones.csv,ZoneA,21675,18713
Slide2_CGGGCAGCTAAACCGC-1,Slide2,P18163_1002_MAzones.csv,ZoneA,21387,21240
Slide2_CGTATTAAGAGATCTA-1,Slide2,P18163_1002_MAzones.csv,ZoneA,20806,21241
Slide2_CGTGTCCCATTCGCGA-1,Slide2,P18163_1002_MAzones.csv,ZoneC,16737,19223
Slide2_CTCGAGGTCGAACAGT-1,Slide2,P18163_1002_MAzones.csv,ZoneA,22257,19723
Slide2_CTGGAAATGGATGCTT-1,Slide2,P18163_1002_MAzones.csv,ZoneA,20514,19725
Slide2_CTTACACGGTATTCCA-1,Slide2,P18163_1002_MAzones.csv,ZoneA,18191,20738
Slide2_GAAATGGCGGTGTTAG-1,Slide2,P18163_1002_MAzones.csv,ZoneA,20224,20230
Slide2_GAATCGACATGGTCAC-1,Slide2,P18163_1002_MAzones.csv,ZoneC,17317,18211
Slide2_GACCAGAGCCCTGTAG-1,Slide2,P18163_1002_MAzones.csv,ZoneA,18772,20737
Slide2_GACTAAGTAGGCTCAC-1,Slide2,P18163_1002_MAzones.csv,ZoneC,17608,18717
Slide2_GAGACTGATGGGTAGA-1,Slide2,P18163_1002_MAzones.csv,ZoneA,21385,19218
Slide2_GATCATTCCAAACATT-1,Slide2,P18163_1002_MAzones.csv,ZoneA,21386,20229
Slide2_GATCCCTTTATACTGC-1,Slide2,P18163_1002_MAzones.csv,ZoneA,22547,19217
Slide2_GCAAGTGCACAGAGAA-1,Slide2,P18163_1002_MAzones.csv,ZoneA,17316,17201
Slide2_GCTCTATGTTACGTGC-1,Slide2,P18163_1002_MAzones.csv,ZoneC,16736,18212
Slide2_GGAGAAGTCATTGGCA-1,Slide2,P18163_1002_MAzones.csv,ZoneA,17025,16695
Slide2_GGCGGAGTAATATTAG-1,Slide2,P18163_1002_MAzones.csv,ZoneA,18482,21243
Slide2_GGGACTGCATAGATAG-1,Slide2,P18163_1002_MAzones.csv,ZoneA,22549,21239
Slide2_GGGCGATATGTGTGAA-1,Slide2,P18163_1002_MAzones.csv,ZoneA,21966,19218
Slide2_GGGCTGGTTAGTCGCG-1,Slide2,P18163_1002_MAzones.csv,ZoneA,19934,20736
Slide2_GGTATTGCCGAGTTTA-1,Slide2,P18163_1002_MAzones.csv,ZoneA,20516,21746
Slide2_GGTTAGGCTTGGAGAA-1,Slide2,P18163_1002_MAzones.csv,ZoneA,15575,19224
Slide2_GTACTAAGATTTGGAG-1,Slide2,P18163_1002_MAzones.csv,ZoneA,21094,18713
Slide2_GTCCGGCTGAATTGCG-1,Slide2,P18163_1002_MAzones.csv,ZoneA,20223,19220
Slide2_GTGGGCTTAGACACAC-1,Slide2,P18163_1002_MAzones.csv,ZoneC,16447,19729
Slide2_GTTTGACCAAATCCTA-1,Slide2,P18163_1002_MAzones.csv,ZoneA,21967,20229
Slide2_TACGAACACGACTTCA-1,Slide2,P18163_1002_MAzones.csv,ZoneA,20515,20736
Slide2_TAGAGTCTAAGCGAAC-1,Slide2,P18163_1002_MAzones.csv,ZoneA,21095,19724
Slide2_TAGCTAAGTCCGGGAG-1,Slide2,P18163_1002_MAzones.csv,ZoneA,21676,19724
Slide2_TAGTGCCCTCCAGAGT-1,Slide2,P18163_1002_MAzones.csv,ZoneA,20225,21241
Slide2_TATGGATGTGCTACGC-1,Slide2,P18163_1002_MAzones.csv,ZoneA,20803,18208
Slide2_TATGGGTACGTATCGT-1,Slide2,P18163_1002_MAzones.csv,ZoneA,21968,21240
Slide2_TCAACCATGTTCGGGC-1,Slide2,P18163_1002_MAzones.csv,ZoneA,19931,17703
Slide2_TCACAGGTTATTGGGC-1,Slide2,P18163_1002_MAzones.csv,ZoneA,19063,21242
Slide2_TCAGGTTCTTTGAGAA-1,Slide2,P18163_1002_MAzones.csv,ZoneC,17319,20233
Slide2_TCCAGGCGAGTACGGT-1,Slide2,P18163_1002_MAzones.csv,ZoneA,21677,20734
Slide2_TCCGATGGTGCGACAT-1,Slide2,P18163_1002_MAzones.csv,ZoneA,20512,17703
Slide2_TCGAAATTTAGGACCA-1,Slide2,P18163_1002_MAzones.csv,ZoneC,18190,19727
Slide2_TCGTCCGCTGGCGTCT-1,Slide2,P18163_1002_MAzones.csv,ZoneA,16734,16190
Slide2_TCTAGTTATCAGAAGA-1,Slide2,P18163_1002_MAzones.csv,ZoneA,20807,22252
Slide2_TGACCCACGTTAGACA-1,Slide2,P18163_1002_MAzones.csv,ZoneA,18773,21748
Slide2_TGATCGGTTTGACCCT-1,Slide2,P18163_1002_MAzones.csv,ZoneA,20804,19219
Slide2_TGATTCGTCTATCACT-1,Slide2,P18163_1002_MAzones.csv,ZoneC,17029,20739
Slide2_TGCGCGATTAACGGAG-1,Slide2,P18163_1002_MAzones.csv,ZoneC,17027,18717
Slide2_TGGAGTGATGCGATGA-1,Slide2,P18163_1002_MAzones.csv,ZoneC,17028,19728
Slide2_TTAAGCGCCTGACCCA-1,Slide2,P18163_1002_MAzones.csv,ZoneC,17900,20233
Slide2_TTATGACAAACTGGAT-1,Slide2,P18163_1002_MAzones.csv,ZoneA,15284,18719
Slide2_TTGAAGAATTCCCAGG-1,Slide2,P18163_1002_MAzones.csv,ZoneA,19644,21242
Slide2_TTGATCTAACTTTGTC-1,Slide2,P18163_1002_MAzones.csv,ZoneC,18771,19726
Slide2_TTGCTGATCATGTTCG-1,Slide2,P18163_1002_MAzones.csv,ZoneA,21678,21745
Slide2_TTGTTAGCAAATTCGA-1,Slide2,P18163_1002_MAzones.csv,ZoneA,17315,16190
Slide4_AAACAAGTATCTCCCA-1,Slide4,P18163_1004_MAzones.csv,ZoneA,34374,29420
Slide4_AAACCGGGTAGGTACC-1,Slide4,P18163_1004_MAzones.csv,ZoneA,12875,25395
Slide4_AAAGTGTGATTTATCT-1,Slide4,P18163_1004_MAzones.csv,ZoneA,32047,26389
Slide4_AAATAGGGTGCTATTG-1,Slide4,P18163_1004_MAzones.csv,ZoneA,27694,30942
Slide4_AAATTTGCGGGTGTGG-1,Slide4,P18163_1004_MAzones.csv,ZoneC,14330,27921
Slide4_AACACACGCTCGCCGC-1,Slide4,P18163_1004_MAzones.csv,ZoneC,31760,29928
Slide4_AACACGAGACGCGGCC-1,Slide4,P18163_1004_MAzones.csv,ZoneB,10843,26913
Slide4_AACCGCTAAGGGATGC-1,Slide4,P18163_1004_MAzones.csv,ZoneA,31467,27401
Slide4_AACGCTGTTGCTGAAA-1,Slide4,P18163_1004_MAzones.csv,ZoneC,32052,31444
Slide4_AACGGACGTACGTATA-1,Slide4,P18163_1004_MAzones.csv,ZoneC,31469,29422
Slide4_AACGGCCATCTCCGGT-1,Slide4,P18163_1004_MAzones.csv,ZoneC,16073,27919
Slide4_AACGTACTGTGGGTAC-1,Slide4,P18163_1004_MAzones.csv,ZoneA,16945,28424
Slide4_AAGAGGATGTACGCGA-1,Slide4,P18163_1004_MAzones.csv,ZoneA,13165,23879
Slide4_AAGGTGATAAACCAGC-1,Slide4,P18163_1004_MAzones.csv,ZoneA,31466,26390
Slide4_AAGTCAATTGTCGTCA-1,Slide4,P18163_1004_MAzones.csv,ZoneA,34081,26893
Slide4_AAGTGACGACCGAATT-1,Slide4,P18163_1004_MAzones.csv,ZoneA,12004,24890
Slide4_AAGTGCCTTGACTGTA-1,Slide4,P18163_1004_MAzones.csv,ZoneA,34952,26387
Slide4_AAGTGCGTTAGAATCT-1,Slide4,P18163_1004_MAzones.csv,ZoneB,12588,28933
Slide4_AAGTGTTTGGAGACGG-1,Slide4,P18163_1004_MAzones.csv,ZoneC,27984,30436
Slide4_AAGTTCACTCCAAGCT-1,Slide4,P18163_1004_MAzones.csv,ZoneA,29439,32962
Slide4_AAGTTCGGCCAACAGG-1,Slide4,P18163_1004_MAzones.csv,ZoneC,14620,27415
Slide4_AATAACACTAGAACAA-1,Slide4,P18163_1004_MAzones.csv,ZoneA,15784,30447
Slide4_AATAGAATCTGTTTCA-1,Slide4,P18163_1004_MAzones.csv,ZoneC,29725,28413
Slide4_AATGACAGCAATGTCT-1,Slide4,P18163_1004_MAzones.csv,ZoneB,13459,28427
Slide4_ACAAATCGCACCGAAT-1,Slide4,P18163_1004_MAzones.csv,ZoneC,28564,29425
Slide4_ACAATAGTCGTACGTT-1,Slide4,P18163_1004_MAzones.csv,ZoneA,10552,25397
Slide4_ACACACCAGGACCAGT-1,Slide4,P18163_1004_MAzones.csv,ZoneA,30885,26390
Slide4_ACAGGCTTGCCCGACT-1,Slide4,P18163_1004_MAzones.csv,ZoneC,30018,30940
Slide4_ACAGGTGGAGGTGAGG-1,Slide4,P18163_1004_MAzones.csv,ZoneA,16075,29941
Slide4_ACATCGGTCAGCCGCG-1,Slide4,P18163_1004_MAzones.csv,ZoneA,15489,24887
Slide4_ACCAGTGCGGGAGACG-1,Slide4,P18163_1004_MAzones.csv,ZoneA,32049,28411
Slide4_ACCCATCTTGAGGGTA-1,Slide4,P18163_1004_MAzones.csv,ZoneA,15487,22866
Slide4_ACCCTCCCTTGCTATT-1,Slide4,P18163_1004_MAzones.csv,ZoneC,29144,28414
Slide4_ACCGCAATAACTGCCT-1,Slide4,P18163_1004_MAzones.csv,ZoneC,27693,29931
Slide4_ACCGGGCCTTTGTTGA-1,Slide4,P18163_1004_MAzones.csv,ZoneA,33210,27399
Slide4_ACCTAAGTACCTTTCA-1,Slide4,P18163_1004_MAzones.csv,ZoneB,13460,29438
Slide4_ACGATGCATATGTTAT-1,Slide4,P18163_1004_MAzones.csv,ZoneA,17230,22864
Slide4_ACGCGCTACACAGGGT-1,Slide4,P18163_1004_MAzones.csv,ZoneA,13746,24889
Slide4_ACGGGAGTGTCGGCCC-1,Slide4,P18163_1004_MAzones.csv,ZoneB,12006,27923
Slide4_ACGTTAGATTTGCCCG-1,Slide4,P18163_1004_MAzones.csv,ZoneA,16069,23876
Slide4_ACTCGTAACCCGTCCT-1,Slide4,P18163_1004_MAzones.csv,ZoneB,11426,28934
Slide4_ACTGAATGGCGAAAGT-1,Slide4,P18163_1004_MAzones.csv,ZoneC,28853,27908
Slide4_ACTTATTTATGTGCCA-1,Slide4,P18163_1004_MAzones.csv,ZoneA,30886,27401
Slide4_ACTTCAGGCTGATCCC-1,Slide4,P18163_1004_MAzones.csv,ZoneC,28274,29931
Slide4_AGAAGTGATTCGTGAT-1,Slide4,P18163_1004_MAzones.csv,ZoneB,12878,28428
Slide4_AGACCGGGAAACCCTG-1,Slide4,P18163_1004_MAzones.csv,ZoneA,9680,24892
Slide4_AGACGAAGTGCCGGTC-1,Slide4,P18163_1004_MAzones.csv,ZoneA,32921,28916
Slide4_AGAGATCTCTAAAGCG-1,Slide4,P18163_1004_MAzones.csv,ZoneA,9970,24387
Slide4_AGATACCGGTGTTCAC-1,Slide4,P18163_1004_MAzones.csv,ZoneA,15779,24382
Slide4_AGCAACATATCTTATT-1,Slide4,P18163_1004_MAzones.csv,ZoneA,31756,24873
Slide4_AGCACTACCTCACCAG-1,Slide4,P18163_1004_MAzones.csv,ZoneA,28275,30941
Slide4_AGCATATCAATATGCT-1,Slide4,P18163_1004_MAzones.csv,ZoneC,32341,29927
Slide4_AGCCCATACATGTAAG-1,Slide4,P18163_1004_MAzones.csv,ZoneA,12295,25396
Slide4_AGCGACAGGAACGGTC-1,Slide4,P18163_1004_MAzones.csv,ZoneA,15494,29942
Slide4_AGCTCCTTCGCACATC-1,Slide4,P18163_1004_MAzones.csv,ZoneC,29727,30435
Slide4_AGCTTGATCTTAACTT-1,Slide4,P18163_1004_MAzones.csv,ZoneA,11423,24891
Slide4_AGGATATAGGGATTTA-1,Slide4,P18163_1004_MAzones.csv,ZoneA,32629,27400
Slide4_AGGCATTGTCGTAGGG-1,Slide4,P18163_1004_MAzones.csv,ZoneA,33502,28915
Slide4_AGGCCCTAGAACGCCA-1,Slide4,P18163_1004_MAzones.csv,ZoneB,12005,26912
Slide4_AGGCTTCCCGAAGAAG-1,Slide4,P18163_1004_MAzones.csv,ZoneA,16946,29435
Slide4_AGTCAAGATGACACTT-1,Slide4,P18163_1004_MAzones.csv,ZoneC,30887,28412
Slide4_AGTCGGCTCAACTTTA-1,Slide4,P18163_1004_MAzones.csv,ZoneB,11425,27923
Slide4_AGTCGTGGGCATTACG-1,Slide4,P18163_1004_MAzones.csv,ZoneA,13170,29944
Slide4_AGTGAACAAACTTCTC-1,Slide4,P18163_1004_MAzones.csv,ZoneA,34371,26387
Slide4_AGTTTGGCCAGACCTA-1,Slide4,P18163_1004_MAzones.csv,ZoneC,13749,27921
Slide4_ATACGTCCACTCCTGT-1,Slide4,P18163_1004_MAzones.csv,ZoneA,31758,27906
Slide4_ATAGGCGGCTATAGAA-1,Slide4,P18163_1004_MAzones.csv,ZoneC,14328,25899
Slide4_ATATTCAGTTAAACCT-1,Slide4,P18163_1004_MAzones.csv,ZoneC,16362,26403
Slide4_ATCAAACGAAGGTTTG-1,Slide4,P18163_1004_MAzones.csv,ZoneB,14331,28932
Slide4_ATCACGTGCTAATTAA-1,Slide4,P18163_1004_MAzones.csv,ZoneC,15201,27415
Slide4_ATCCAATGGAGGGTCC-1,Slide4,P18163_1004_MAzones.csv,ZoneC,12585,25901
Slide4_ATCGCCAGTCAACATT-1,Slide4,P18163_1004_MAzones.csv,ZoneA,35243,26892
Slide4_ATGACGCGTTCTATCC-1,Slide4,P18163_1004_MAzones.csv,ZoneA,13461,30449
Slide4_ATGACTATGCGACATT-1,Slide4,P18163_1004_MAzones.csv,ZoneC,30306,28413
Slide4_ATGGGCCTCGGCCTCT-1,Slide4,P18163_1004_MAzones.csv,ZoneA,31176,26896
Slide4_ATGGTCGCGTGGTTTC-1,Slide4,P18163_1004_MAzones.csv,ZoneA,29434,26897
Slide4_ATGTGAAAGCCTAATG-1,Slide4,P18163_1004_MAzones.csv,ZoneB,11134,27418
Slide4_ATTACGCGCTGGCAGG-1,Slide4,P18163_1004_MAzones.csv,ZoneA,13456,24384
Slide4_ATTGCTGCTCCTCCAT-1,Slide4,P18163_1004_MAzones.csv,ZoneA,17229,21853
Slide4_CAAATCTCTCACAAGG-1,Slide4,P18163_1004_MAzones.csv,ZoneB,11714,26407
Slide4_CAAGATATTATAACGT-1,Slide4,P18163_1004_MAzones.csv,ZoneA,30595,26896
Slide4_CAATGCGAGAAGTATC-1,Slide4,P18163_1004_MAzones.csv,ZoneA,28566,31447
Slide4_CACCGTTAGGGATCAC-1,Slide4,P18163_1004_MAzones.csv,ZoneA,15494,30952
Slide4_CACCGTTGCGCGATAT-1,Slide4,P18163_1004_MAzones.csv,ZoneB,13168,27922
Slide4_CACGTCGGCAACCTCT-1,Slide4,P18163_1004_MAzones.csv,ZoneC,15493,28931
Slide4_CACGTTTCGTACACAC-1,Slide4,P18163_1004_MAzones.csv,ZoneC,31181,31950
Slide4_CAGAACTTAGCCCTCT-1,Slide4,P18163_1004_MAzones.csv,ZoneC,29437,30940
Slide4_CAGCAGTCCAGACTAT-1,Slide4,P18163_1004_MAzones.csv,ZoneA,33793,29420
Slide4_CAGCTGGCGTAACCGT-1,Slide4,P18163_1004_MAzones.csv,ZoneB,11135,28429
Slide4_CAGTGTCGGCTGGCCC-1,Slide4,P18163_1004_MAzones.csv,ZoneC,31470,30433
Slide4_CATAGTCCACAAGAAC-1,Slide4,P18163_1004_MAzones.csv,ZoneC,13748,26911
Slide4_CATATGTCAGGCTACG-1,Slide4,P18163_1004_MAzones.csv,ZoneB,11716,28429
Slide4_CATCATTACCCTGAGG-1,Slide4,P18163_1004_MAzones.csv,ZoneC,32051,30433
Slide4_CATCCTCTCAAAGATC-1,Slide4,P18163_1004_MAzones.csv,ZoneC,31471,31444
Slide4_CATGATGGAAGTTAGC-1,Slide4,P18163_1004_MAzones.csv,ZoneA,34662,26893
Slide4_CATGCCAACTCGCAAA-1,Slide4,P18163_1004_MAzones.csv,ZoneA,10843,25902
Slide4_CATGTAAGAGACATTT-1,Slide4,P18163_1004_MAzones.csv,ZoneC,30890,31445
Slide4_CATGTCTCATTTATGG-1,Slide4,P18163_1004_MAzones.csv,ZoneC,29435,28919
Slide4_CCACAGTACCCATCCT-1,Slide4,P18163_1004_MAzones.csv,ZoneA,31468,28412
Slide4_CCACCAACTTTACTGT-1,Slide4,P18163_1004_MAzones.csv,ZoneA,16365,30446
Slide4_CCACGGAGCCATAAGA-1,Slide4,P18163_1004_MAzones.csv,ZoneB,12587,27922
Slide4_CCAGAAAGCAACTCAT-1,Slide4,P18163_1004_MAzones.csv,ZoneA,15204,30447
Slide4_CCCAACATACGTCGCG-1,Slide4,P18163_1004_MAzones.csv,ZoneC,14909,25899
Slide4_CCCAATTTCACAACTT-1,Slide4,P18163_1004_MAzones.csv,ZoneA,14326,23878
Slide4_CCCGTAAGTCTAGGCC-1,Slide4,P18163_1004_MAzones.csv,ZoneA,12875,24384
Slide4_CCCTGCCCAATCCGCT-1,Slide4,P18163_1004_MAzones.csv,ZoneA,10261,24892
Slide4_CCGCTTACCTCACTCT-1,Slide4,P18163_1004_MAzones.csv,ZoneC,14911,27920
Slide4_CCGTGTTAAATTCCAT-1,Slide4,P18163_1004_MAzones.csv,ZoneC,15202,28426
Slide4_CCGTTCCGAATCTCGG-1,Slide4,P18163_1004_MAzones.csv,ZoneA,11132,24386
Slide4_CCTAACCCAAACAAGT-1,Slide4,P18163_1004_MAzones.csv,ZoneC,30597,28918
Slide4_CCTACATTCACAGACG-1,Slide4,P18163_1004_MAzones.csv,ZoneA,14332,29943
Slide4_CCTATAATGAGTGCCC-1,Slide4,P18163_1004_MAzones.csv,ZoneA,28276,31952
Slide4_CCTCTCTCCCATCTAG-1,Slide4,P18163_1004_MAzones.csv,ZoneA,15196,21350
Slide4_CCTGTAAGACATGATA-1,Slide4,P18163_1004_MAzones.csv,ZoneA,16649,22865
Slide4_CCTGTACTCACGCCCA-1,Slide4,P18163_1004_MAzones.csv,ZoneA,11713,24385
Slide4_CGAAACGCAATTCATG-1,Slide4,P18163_1004_MAzones.csv,ZoneA,14327,24888
Slide4_CGAACAGTATGGGCGT-1,Slide4,P18163_1004_MAzones.csv,ZoneA,32631,29421
Slide4_CGACACGCTCCGACAG-1,Slide4,P18163_1004_MAzones.csv,ZoneA,32048,27400
Slide4_CGACAGTTCGCGTTAT-1,Slide4,P18163_1004_MAzones.csv,ZoneA,16939,22359
Slide4_CGAGTACTAAAGAGGA-1,Slide4,P18163_1004_MAzones.csv,ZoneC,14910,26910
Slide4_CGATCTGTTGGAGGAC-1,Slide4,P18163_1004_MAzones.csv,ZoneB,11715,27418
Slide4_CGCCTGGCCTACGTAA-1,Slide4,P18163_1004_MAzones.csv,ZoneA,12585,24890
Slide4_CGCTGGTGACTACCCT-1,Slide4,P18163_1004_MAzones.csv,ZoneA,33211,28410
Slide4_CGCTTATTCCCGGTCG-1,Slide4,P18163_1004_MAzones.csv,ZoneA,13456,25395
Slide4_CGGGAGCTTCAGTGTA-1,Slide4,P18163_1004_MAzones.csv,ZoneC,31178,28917
Slide4_CGGTGCAGATAGAACG-1,Slide4,P18163_1004_MAzones.csv,ZoneA,15199,25393
Slide4_CGGTGCGCGTTGGTCC-1,Slide4,P18163_1004_MAzones.csv,ZoneA,16074,28930
Slide4_CGTGCATTGTCGACGC-1,Slide4,P18163_1004_MAzones.csv,ZoneA,13746,23878
Slide4_CGTGGCCGAATATCTA-1,Slide4,P18163_1004_MAzones.csv,ZoneA,34082,27904
Slide4_CTAAAGAATGCCTACT-1,Slide4,P18163_1004_MAzones.csv,ZoneA,15197,22361
Slide4_CTAACCGCGCGCCCGT-1,Slide4,P18163_1004_MAzones.csv,ZoneA,14907,22866
Slide4_CTAACTGGTCCGGTTC-1,Slide4,P18163_1004_MAzones.csv,ZoneA,15203,29436
Slide4_CTAGGCGCCCTATCAG-1,Slide4,P18163_1004_MAzones.csv,ZoneC,31179,29928
Slide4_CTAGTGAAGGACAGGA-1,Slide4,P18163_1004_MAzones.csv,ZoneA,15777,21349
Slide4_CTATCGACGAAATACA-1,Slide4,P18163_1004_MAzones.csv,ZoneC,31761,30938
Slide4_CTCACTTGGCTGGTAA-1,Slide4,P18163_1004_MAzones.csv,ZoneA,12294,24385
Slide4_CTCATGGTAATTTGCG-1,Slide4,P18163_1004_MAzones.csv,ZoneB,12298,29439
Slide4_CTCTTCTATTGACTGG-1,Slide4,P18163_1004_MAzones.csv,ZoneA,33791,27399
Slide4_CTGCTGAGGCCACGAA-1,Slide4,P18163_1004_MAzones.csv,ZoneC,14912,28931
Slide4_CTGGAAGACACGGTGG-1,Slide4,P18163_1004_MAzones.csv,ZoneC,30307,29423
Slide4_CTGGCATCCGAATGAG-1,Slide4,P18163_1004_MAzones.csv,ZoneB,12297,28428
Slide4_CTGGGCCTGCTATATC-1,Slide4,P18163_1004_MAzones.csv,ZoneC,13457,26405
Slide4_CTGGTTTCGAGCAAGA-1,Slide4,P18163_1004_MAzones.csv,ZoneA,30305,27402
Slide4_CTGTGGTCGGGAGATA-1,Slide4,P18163_1004_MAzones.csv,ZoneC,30600,31950
Slide4_CTTCTATGTTGAAGTA-1,Slide4,P18163_1004_MAzones.csv,ZoneB,12877,27417
Slide4_CTTGCAACCGCCTCCT-1,Slide4,P18163_1004_MAzones.csv,ZoneB,12004,25901
Slide4_CTTTACCGAATAGTAG-1,Slide4,P18163_1004_MAzones.csv,ZoneC,29145,29424
Slide4_GAAGTTTCCACTCAAT-1,Slide4,P18163_1004_MAzones.csv,ZoneA,18101,22358
Slide4_GAATAGACGCGACCCA-1,Slide4,P18163_1004_MAzones.csv,ZoneA,31466,25379
Slide4_GACAAACATATGCAGG-1,Slide4,P18163_1004_MAzones.csv,ZoneA,33790,26388
Slide4_GACGCTTGCTTCTAAA-1,Slide4,P18163_1004_MAzones.csv,ZoneA,15197,23371
Slide4_GAGAGGGCGCGAGGTT-1,Slide4,P18163_1004_MAzones.csv,ZoneA,16359,23370
Slide4_GAGAGGTGCATTCTGG-1,Slide4,P18163_1004_MAzones.csv,ZoneC,12876,26406
Slide4_GAGCCAGCTACCTGTG-1,Slide4,P18163_1004_MAzones.csv,ZoneC,30599,30939
Slide4_GAGCGCGCACGAGTAG-1,Slide4,P18163_1004_MAzones.csv,ZoneA,31759,28917
Slide4_GAGTATGCCCGCCTTG-1,Slide4,P18163_1004_MAzones.csv,ZoneA,17236,28929
Slide4_GAGTGTGCGGTACCCA-1,Slide4,P18163_1004_MAzones.csv,ZoneA,30305,26391
Slide4_GATCCTCGACACTGGC-1,Slide4,P18163_1004_MAzones.csv,ZoneB,14041,29437
Slide4_GATCGCTACCCGATTT-1,Slide4,P18163_1004_MAzones.csv,ZoneA,33212,29421
Slide4_GATCTTTGCAGGGTAT-1,Slide4,P18163_1004_MAzones.csv,ZoneA,15778,22360
Slide4_GATTACTGAATTTGGG-1,Slide4,P18163_1004_MAzones.csv,ZoneA,16070,24887
Slide4_GCAAACCCTACATTAT-1,Slide4,P18163_1004_MAzones.csv,ZoneC,28563,28414
Slide4_GCAAATATTACGCTTT-1,Slide4,P18163_1004_MAzones.csv,ZoneA,16649,21854
Slide4_GCAACCACGGCCGCGT-1,Slide4,P18163_1004_MAzones.csv,ZoneC,13166,25900
Slide4_GCAAGAATTCCTTGGC-1,Slide4,P18163_1004_MAzones.csv,ZoneC,15200,26404
Slide4_GCAGATCCATAAGACT-1,Slide4,P18163_1004_MAzones.csv,ZoneC,29436,29930
Slide4_GCAGGACTATAGAATA-1,Slide4,P18163_1004_MAzones.csv,ZoneA,15487,21855
Slide4_GCATTGTAATTCATAT-1,Slide4,P18163_1004_MAzones.csv,ZoneA,10842,24891
Slide4_GCCACAATTTAAGGAC-1,Slide4,P18163_1004_MAzones.csv,ZoneC,16072,26909
Slide4_GCCCGACTTCTTCCCG-1,Slide4,P18163_1004_MAzones.csv,ZoneB,12007,28934
Slide4_GCCCGCGCGTAAACGG-1,Slide4,P18163_1004_MAzones.csv,ZoneA,16655,28930
Slide4_GCCGAAATTCCTACGT-1,Slide4,P18163_1004_MAzones.csv,ZoneA,17810,21853
Slide4_GCCGCTTGTGAGAAAC-1,Slide4,P18163_1004_MAzones.csv,ZoneA,16358,22360
Slide4_GCCTCATCTGGAAATA-1,Slide4,P18163_1004_MAzones.csv,ZoneA,32336,24873
Slide4_GCGCGTCATTGGTACA-1,Slide4,P18163_1004_MAzones.csv,ZoneA,28858,32963
Slide4_GCGGACCGCGTTGTGG-1,Slide4,P18163_1004_MAzones.csv,ZoneA,17236,29940
Slide4_GCGGCTCTGACGTACC-1,Slide4,P18163_1004_MAzones.csv,ZoneA,15778,23371
Slide4_GCGTCTCTGCATTGGG-1,Slide4,P18163_1004_MAzones.csv,ZoneA,16650,23876
Slide4_GCTACTATAGTAGAGT-1,Slide4,P18163_1004_MAzones.csv,ZoneC,32050,29422
Slide4_GCTAGGCACCACGGAG-1,Slide4,P18163_1004_MAzones.csv,ZoneC,29147,31446
Slide4_GCTATACGTCTCGGAC-1,Slide4,P18163_1004_MAzones.csv,ZoneC,30308,30434
Slide4_GCTATCATACTCATGG-1,Slide4,P18163_1004_MAzones.csv,ZoneA,27404,31448
Slide4_GCTCAATCCGTTTATT-1,Slide4,P18163_1004_MAzones.csv,ZoneA,14914,30953
Slide4_GCTGTATTACTGGCCC-1,Slide4,P18163_1004_MAzones.csv,ZoneC,15782,27414
Slide4_GGATGAAGATCGCTGA-1,Slide4,P18163_1004_MAzones.csv,ZoneA,32046,25379
Slide4_GGATGACGCGAGTTTA-1,Slide4,P18163_1004_MAzones.csv,ZoneA,17811,22864
Slide4_GGCTGAAATAGCAAAG-1,Slide4,P18163_1004_MAzones.csv,ZoneC,27692,28920
Slide4_GGGAACGGGAGGTTAG-1,Slide4,P18163_1004_MAzones.csv,ZoneA,15488,23877
Slide4_GGGCGGGTTCCCTACG-1,Slide4,P18163_1004_MAzones.csv,ZoneC,15490,25898
Slide4_GGGTACTTCATGAACT-1,Slide4,P18163_1004_MAzones.csv,ZoneA,16068,22865
Slide4_GGTCTCTGAATGGACT-1,Slide4,P18163_1004_MAzones.csv,ZoneA,14623,30448
Slide4_GGTGAAGTACAGGGAT-1,Slide4,P18163_1004_MAzones.csv,ZoneC,15492,27920
Slide4_GGTGGACTGCTCTGGC-1,Slide4,P18163_1004_MAzones.csv,ZoneA,29438,31951
Slide4_GGTTACCACCCTCGGG-1,Slide4,P18163_1004_MAzones.csv,ZoneC,14329,26910
Slide4_GGTTAGCTATATGTCT-1,Slide4,P18163_1004_MAzones.csv,ZoneC,30015,27907
Slide4_GGTTTAGCCTTTCTTG-1,Slide4,P18163_1004_MAzones.csv,ZoneA,34372,27398
Slide4_GTAGAGGGAGACAAGT-1,Slide4,P18163_1004_MAzones.csv,ZoneA,13751,29943
Slide4_GTAGTCGCGGGAATCA-1,Slide4,P18163_1004_MAzones.csv,ZoneC,28273,28920
Slide4_GTATTCTGAGAAACGA-1,Slide4,P18163_1004_MAzones.csv,ZoneC,15783,28425
Slide4_GTCCGGACCTGAAATT-1,Slide4,P18163_1004_MAzones.csv,ZoneC,30309,31445
Slide4_GTCCTACGAATAGTCT-1,Slide4,P18163_1004_MAzones.csv,ZoneC,31180,30939
Slide4_GTCTATTGGTTCCGGT-1,Slide4,P18163_1004_MAzones.csv,ZoneC,30888,29423
Slide4_GTGATCACTAACGCCT-1,Slide4,P18163_1004_MAzones.csv,ZoneA,32920,27905
Slide4_GTGATTCGCCGCTCAA-1,Slide4,P18163_1004_MAzones.csv,ZoneC,16364,28425
Slide4_GTGCCATCACACGGTG-1,Slide4,P18163_1004_MAzones.csv,ZoneA,14618,25394
Slide4_GTGGACCAACCCGATT-1,Slide4,P18163_1004_MAzones.csv,ZoneC,13167,26911
Slide4_GTGGCGGTCCCAGCGT-1,Slide4,P18163_1004_MAzones.csv,ZoneA,10551,24386
Slide4_GTGGTTTCCGCCTTTC-1,Slide4,P18163_1004_MAzones.csv,ZoneC,14037,25394
Slide4_GTTAAAGTAGGACTGG-1,Slide4,P18163_1004_MAzones.csv,ZoneC,28854,28919
Slide4_GTTACAATTGGTGACG-1,Slide4,P18163_1004_MAzones.csv,ZoneA,14326,22867
Slide4_GTTCGTCTAAAGAACT-1,Slide4,P18163_1004_MAzones.csv,ZoneC,30598,29929
Slide4_GTTTCATATCGTCGCT-1,Slide4,P18163_1004_MAzones.csv,ZoneA,12584,23879
Slide4_TAAACCCAGGAGGGCA-1,Slide4,P18163_1004_MAzones.csv,ZoneA,15204,31458
Slide4_TAAGGCTGAATCCCTC-1,Slide4,P18163_1004_MAzones.csv,ZoneA,32919,26894
Slide4_TAAGTAACATCTTGAC-1,Slide4,P18163_1004_MAzones.csv,ZoneC,16363,27414
Slide4_TAAGTTGCGACGTAGG-1,Slide4,P18163_1004_MAzones.csv,ZoneC,32342,30938
Slide4_TAATAGAACAGAGTTA-1,Slide4,P18163_1004_MAzones.csv,ZoneA,15784,29436
Slide4_TACCAATAAAGTACCA-1,Slide4,P18163_1004_MAzones.csv,ZoneA,28857,31952
Slide4_TACCGGTCGTTTCCAT-1,Slide4,P18163_1004_MAzones.csv,ZoneC,14619,26404
Slide4_TACCTTAAGATTTCCC-1,Slide4,P18163_1004_MAzones.csv,ZoneB,13169,28933
Slide4_TACGAGAACTTCACGT-1,Slide4,P18163_1004_MAzones.csv,ZoneA,16068,21854
Slide4_TACGATGTTGATCATC-1,Slide4,P18163_1004_MAzones.csv,ZoneA,14906,21855
Slide4_TACGTTTACCGGCAAT-1,Slide4,P18163_1004_MAzones.csv,ZoneA,14036,24383
Slide4_TAGAGATCATGCAACT-1,Slide4,P18163_1004_MAzones.csv,ZoneB,12295,26406
Slide4_TAGTCGATCACGGGTT-1,Slide4,P18163_1004_MAzones.csv,ZoneA,32630,28411
Slide4_TAGTCTAACAACGAGA-1,Slide4,P18163_1004_MAzones.csv,ZoneA,14617,24383
Slide4_TATTCCGAGCTGTTAT-1,Slide4,P18163_1004_MAzones.csv,ZoneC,29728,31446
Slide4_TATTCCTCCGCCCACT-1,Slide4,P18163_1004_MAzones.csv,ZoneB,14040,28427
Slide4_TCAACGCAGGAAATAA-1,Slide4,P18163_1004_MAzones.csv,ZoneB,13750,28932
Slide4_TCACGATGTCCGTGGA-1,Slide4,P18163_1004_MAzones.csv,ZoneA,12880,30449
Slide4_TCCAACTTTAAATTCT-1,Slide4,P18163_1004_MAzones.csv,ZoneA,16360,24381
Slide4_TCCTCCTAAGACATTC-1,Slide4,P18163_1004_MAzones.csv,ZoneB,10844,27924
Slide4_TCCTGCGTTGATACTC-1,Slide4,P18163_1004_MAzones.csv,ZoneA,13455,23373
Slide4_TCCTTACGACGGTCCG-1,Slide4,P18163_1004_MAzones.csv,ZoneA,32340,28916
Slide4_TCGAAGAACCGAGCAC-1,Slide4,P18163_1004_MAzones.csv,ZoneA,33500,26894
Slide4_TCGCACCAGGAGGCAG-1,Slide4,P18163_1004_MAzones.csv,ZoneC,27983,29425
Slide4_TCGCCGAAGTTGCGTC-1,Slide4,P18163_1004_MAzones.csv,ZoneC,15491,26909
Slide4_TCGGAGAGTATCGGGA-1,Slide4,P18163_1004_MAzones.csv,ZoneB,11424,26913
Slide4_TCGTCTTAGGCGTTAA-1,Slide4,P18163_1004_MAzones.csv,ZoneC,28856,30941
Slide4_TCGTGTCACGCTGACA-1,Slide4,P18163_1004_MAzones.csv,ZoneA,11424,25902
Slide4_TCTAGCAATCTCCGCC-1,Slide4,P18163_1004_MAzones.csv,ZoneC,13458,27416
Slide4_TCTAGTGATATCGTGG-1,Slide4,P18163_1004_MAzones.csv,ZoneA,33209,26388
Slide4_TCTCATGAGATAGGGT-1,Slide4,P18163_1004_MAzones.csv,ZoneC,30016,28918
Slide4_TCTCCCTGGGCAGCGT-1,Slide4,P18163_1004_MAzones.csv,ZoneA,27985,31447
Slide4_TCTGAACTCGTACCCG-1,Slide4,P18163_1004_MAzones.csv,ZoneA,32339,27905
Slide4_TCTGAAGCACGTGGTC-1,Slide4,P18163_1004_MAzones.csv,ZoneA,29148,32457
Slide4_TCTGATGTATTCTGTC-1,Slide4,P18163_1004_MAzones.csv,ZoneC,28855,29930
Slide4_TCTGGGTAGCGCTCAT-1,Slide4,P18163_1004_MAzones.csv,ZoneA,15198,24382
Slide4_TCTGTTACCCAGCATA-1,Slide4,P18163_1004_MAzones.csv,ZoneA,14913,29942
Slide4_TCTTACTTATGCCTCT-1,Slide4,P18163_1004_MAzones.csv,ZoneA,31757,26895
Slide4_TCTTAGAGTGAACTCT-1,Slide4,P18163_1004_MAzones.csv,ZoneA,33499,25883
Slide4_TGACGAATATTTCCCT-1,Slide4,P18163_1004_MAzones.csv,ZoneB,11133,26407
Slide4_TGAGAGATTTACCACG-1,Slide4,P18163_1004_MAzones.csv,ZoneA,31175,24874
Slide4_TGAGCCATACAGTCTC-1,Slide4,P18163_1004_MAzones.csv,ZoneA,15780,25393
Slide4_TGAGTGCCTCTTAAAT-1,Slide4,P18163_1004_MAzones.csv,ZoneC,16653,26908
Slide4_TGATCAGGGAACTGCT-1,Slide4,P18163_1004_MAzones.csv,ZoneA,11714,25396
Slide4_TGATTTATTAGCTGTG-1,Slide4,P18163_1004_MAzones.csv,ZoneA,14617,23372
Slide4_TGCAGAACTATATCGT-1,Slide4,P18163_1004_MAzones.csv,ZoneA,11133,25397
Slide4_TGCAGATCGTCCTAGG-1,Slide4,P18163_1004_MAzones.csv,ZoneA,9971,25398
Slide4_TGCCAAAGTCAGACTT-1,Slide4,P18163_1004_MAzones.csv,ZoneA,10262,25903
Slide4_TGCCTTGGCCAGGCAA-1,Slide4,P18163_1004_MAzones.csv,ZoneC,28565,30436
Slide4_TGCGAGAATATTACCC-1,Slide4,P18163_1004_MAzones.csv,ZoneA,16365,29435
Slide4_TGCTAAGTGTCTATTT-1,Slide4,P18163_1004_MAzones.csv,ZoneC,30889,30434
Slide4_TGCTCCACAGTTCTTA-1,Slide4,P18163_1004_MAzones.csv,ZoneA,32338,26895
Slide4_TGGAAGAAGGGAACGT-1,Slide4,P18163_1004_MAzones.csv,ZoneA,14907,23877
Slide4_TGGGCCCATACTAATT-1,Slide4,P18163_1004_MAzones.csv,ZoneA,30596,27907
Slide4_TGGTAGAATATATGGG-1,Slide4,P18163_1004_MAzones.csv,ZoneA,33792,28410
Slide4_TGTTCCGCTTCCATGA-1,Slide4,P18163_1004_MAzones.csv,ZoneA,17520,22359
Slide4_TTAACTTCAGGTAGGA-1,Slide4,P18163_1004_MAzones.csv,ZoneB,12296,27417
Slide4_TTAAGATAGGATTGAC-1,Slide4,P18163_1004_MAzones.csv,ZoneA,34080,25882
Slide4_TTACTCTGGTACGTAC-1,Slide4,P18163_1004_MAzones.csv,ZoneC,13747,25900
Slide4_TTAGACGAGTCACCTC-1,Slide4,P18163_1004_MAzones.csv,ZoneC,27982,28415
Slide4_TTAGAGTTTAGAAGGA-1,Slide4,P18163_1004_MAzones.csv,ZoneA,29724,27402
Slide4_TTAGTTATTCGTGGCA-1,Slide4,P18163_1004_MAzones.csv,ZoneA,31177,27906
Slide4_TTATCCGGGATCTATA-1,Slide4,P18163_1004_MAzones.csv,ZoneC,30017,29929
Slide4_TTCAGCCCTGGTCCAC-1,Slide4,P18163_1004_MAzones.csv,ZoneC,29434,27908
Slide4_TTCCGGTTACCCACTT-1,Slide4,P18163_1004_MAzones.csv,ZoneA,30014,26897
Slide4_TTCCTCGGACTAACCA-1,Slide4,P18163_1004_MAzones.csv,ZoneC,29726,29424
Slide4_TTCTGACCGGGCTCAA-1,Slide4,P18163_1004_MAzones.csv,ZoneC,29146,30435
Slide4_TTCTTATCCGCTGGGT-1,Slide4,P18163_1004_MAzones.csv,ZoneA,34083,28915
Slide4_TTCTTGAGCCGCGCTA-1,Slide4,P18163_1004_MAzones.csv,ZoneC,16654,27919
Slide4_TTCTTGGACGATCTGC-1,Slide4,P18163_1004_MAzones.csv,ZoneA,14042,30448
Slide4_TTGACAGGAGCTCCCG-1,Slide4,P18163_1004_MAzones.csv,ZoneA,33501,27904
Slide4_TTGACATGAACGTGGA-1,Slide4,P18163_1004_MAzones.csv,ZoneC,14038,26405
Slide4_TTGACCGTGTTAATGA-1,Slide4,P18163_1004_MAzones.csv,ZoneB,14622,29437
Slide4_TTGACTATTGTCCGGC-1,Slide4,P18163_1004_MAzones.csv,ZoneA,34953,27398
Slide4_TTGAGAAGTTTAGCAT-1,Slide4,P18163_1004_MAzones.csv,ZoneA,30019,31951
Slide4_TTGAGAGTACTGCTAA-1,Slide4,P18163_1004_MAzones.csv,ZoneC,15781,26403
Slide4_TTGATTAGCTGTTTCT-1,Slide4,P18163_1004_MAzones.csv,ZoneC,14621,28426
Slide4_TTGCATGCTGATCACG-1,Slide4,P18163_1004_MAzones.csv,ZoneA,14908,24888
Slide4_TTGCGTCGGCCAACCG-1,Slide4,P18163_1004_MAzones.csv,ZoneA,16655,29941
Slide4_TTGGACATGTGGCTTA-1,Slide4,P18163_1004_MAzones.csv,ZoneA,13165,24889
Slide4_TTGGACCTATAACAGT-1,Slide4,P18163_1004_MAzones.csv,ZoneA,29729,32456
Slide4_TTGTAAGGACCTAAGT-1,Slide4,P18163_1004_MAzones.csv,ZoneC,14039,27416
Slide4_TTGTGGTAGGAGGGAT-1,Slide4,P18163_1004_MAzones.csv,ZoneB,12879,29438
Slide4_TTGTTTCCATACAACT-1,Slide4,P18163_1004_MAzones.csv,ZoneB,12586,26912
Slide5_AAACGAGACGGTTGAT-1,Slide5,P18163_1005_MAzones.csv,ZoneC,27310,22675
Slide5_AAAGGCTCTCGCGCCG-1,Slide5,P18163_1005_MAzones.csv,ZoneA,20323,32770
Slide5_AACGTGCGAAAGTCTC-1,Slide5,P18163_1005_MAzones.csv,ZoneA,25857,23178
Slide5_AACTAGGCTTGGGTGT-1,Slide5,P18163_1005_MAzones.csv,ZoneA,22066,32773
Slide5_AAGACTGCAAGCTACT-1,Slide5,P18163_1005_MAzones.csv,ZoneA,24114,23175
Slide5_AAGAGCTCTTTATCGG-1,Slide5,P18163_1005_MAzones.csv,ZoneC,26729,22674
Slide5_AAGAGGCATGGATCGC-1,Slide5,P18163_1005_MAzones.csv,ZoneC,27599,23181
Slide5_AAGCTCGTGCCAAGTC-1,Slide5,P18163_1005_MAzones.csv,ZoneA,25567,22672
Slide5_AATTAACGGATTTCCA-1,Slide5,P18163_1005_MAzones.csv,ZoneA,23515,34291
Slide5_ACACTGATCAAGGTGT-1,Slide5,P18163_1005_MAzones.csv,ZoneA,18293,31250
Slide5_ACATCCCGGCCATACG-1,Slide5,P18163_1005_MAzones.csv,ZoneA,20904,32771
Slide5_ACCCGGAAACTCCCAG-1,Slide5,P18163_1005_MAzones.csv,ZoneA,23226,33785
Slide5_ACGGCACTTGCTTGGG-1,Slide5,P18163_1005_MAzones.csv,ZoneC,21778,31256
Slide5_ACGGCCAACATGGACT-1,Slide5,P18163_1005_MAzones.csv,ZoneA,20325,31759
Slide5_ACGTAGATTGCTGATG-1,Slide5,P18163_1005_MAzones.csv,ZoneA,23827,21659
Slide5_ACTCCCTAATGCTAAA-1,Slide5,P18163_1005_MAzones.csv,ZoneA,24387,33787
Slide5_ACTCGTCAGTAATCCC-1,Slide5,P18163_1005_MAzones.csv,ZoneC,27018,23180
Slide5_ACTCTTGTATAGTAAC-1,Slide5,P18163_1005_MAzones.csv,ZoneA,24695,23176
Slide5_AGCTCTAGACGTTCCA-1,Slide5,P18163_1005_MAzones.csv,ZoneC,26436,24190
Slide5_AGGATAAAGTCGGGAT-1,Slide5,P18163_1005_MAzones.csv,ZoneC,23229,31764
Slide5_AGGGACTCTACGCGAC-1,Slide5,P18163_1005_MAzones.csv,ZoneA,19742,32769
Slide5_AGGGCTGCAGTTACAG-1,Slide5,P18163_1005_MAzones.csv,ZoneA,23244,22669
Slide5_AGTGAGACTTCCAGTA-1,Slide5,P18163_1005_MAzones.csv,ZoneC,29633,22679
Slide5_ATAACGCCGGAGGGTC-1,Slide5,P18163_1005_MAzones.csv,ZoneC,27890,22676
Slide5_ATACCTAACCAAGAAA-1,Slide5,P18163_1005_MAzones.csv,ZoneA,22934,34290
Slide5_ATATAAAGCGCTCGTG-1,Slide5,P18163_1005_MAzones.csv,ZoneA,24096,34292
Slide5_ATCTAATATCCTACGG-1,Slide5,P18163_1005_MAzones.csv,ZoneA,23808,32775
Slide5_ATGCGACAGTCCCATT-1,Slide5,P18163_1005_MAzones.csv,ZoneA,24986,22671
Slide5_ATGGAGCAGGCCGTGA-1,Slide5,P18163_1005_MAzones.csv,ZoneA,23534,23174
Slide5_ATTAGGCGATGCTTTC-1,Slide5,P18163_1005_MAzones.csv,ZoneA,24985,23682
Slide5_ATTCACTGATGTTGGA-1,Slide5,P18163_1005_MAzones.csv,ZoneA,24098,33281
Slide5_CACGTTCGTGCTCTAG-1,Slide5,P18163_1005_MAzones.csv,ZoneC,27889,23687
Slide5_CAGACACCGATCGCTG-1,Slide5,P18163_1005_MAzones.csv,ZoneA,19163,31757
Slide5_CAGAGGCGATGCATGA-1,Slide5,P18163_1005_MAzones.csv,ZoneA,18291,32261
Slide5_CCAAGAAAGTGGGCGA-1,Slide5,P18163_1005_MAzones.csv,ZoneA,19455,31252
Slide5_CCAAGCGTAACTCGTA-1,Slide5,P18163_1005_MAzones.csv,ZoneA,24988,21661
Slide5_CCACCCAAGGAAAGTG-1,Slide5,P18163_1005_MAzones.csv,ZoneC,26146,23684
Slide5_CCGCACAAAGACCAAC-1,Slide5,P18163_1005_MAzones.csv,ZoneC,26438,23179
Slide5_CCGCATGTGGTACGAT-1,Slide5,P18163_1005_MAzones.csv,ZoneA,23517,33280
Slide5_CCGGGCGGTCTCGTCA-1,Slide5,P18163_1005_MAzones.csv,ZoneA,26441,21158
Slide5_CCGGGCTGCTCCATAC-1,Slide5,P18163_1005_MAzones.csv,ZoneC,29342,23184
Slide5_CCGTAAGTTGGTCCCA-1,Slide5,P18163_1005_MAzones.csv,ZoneA,26731,21664
Slide5_CCTAGGCGTAGCGATC-1,Slide5,P18163_1005_MAzones.csv,ZoneC,29922,23185
Slide5_CCTCTGTACTATTCTA-1,Slide5,P18163_1005_MAzones.csv,ZoneC,22067,31762
Slide5_CCTGAACGATATATTC-1,Slide5,P18163_1005_MAzones.csv,ZoneC,29050,23689
Slide5_CCTGGTCGAATGTGGG-1,Slide5,P18163_1005_MAzones.csv,ZoneA,24385,34798
Slide5_CGAGGGACTGCGGTCG-1,Slide5,P18163_1005_MAzones.csv,ZoneC,27017,24191
Slide5_CGATTAAATATCTCCT-1,Slide5,P18163_1005_MAzones.csv,ZoneA,22355,33278
Slide5_CGGAGCAATTTAATCG-1,Slide5,P18163_1005_MAzones.csv,ZoneC,21776,32267
Slide5_CTAGCATAGTATAATG-1,Slide5,P18163_1005_MAzones.csv,ZoneA,23535,22164
Slide5_CTAGGTTCGGACGTGA-1,Slide5,P18163_1005_MAzones.csv,ZoneA,24677,34293
Slide5_CTAGTCACGTCTTAAG-1,Slide5,P18163_1005_MAzones.csv,ZoneA,24404,23681
Slide5_CTAGTTACAACCCGGT-1,Slide5,P18163_1005_MAzones.csv,ZoneC,23810,31765
Slide5_CTATCGGGTCTCAACA-1,Slide5,P18163_1005_MAzones.csv,ZoneA,24406,22671
Slide5_CTATTCATGTGTCCCA-1,Slide5,P18163_1005_MAzones.csv,ZoneC,22359,31257
Slide5_CTATTTGGTTACGGAT-1,Slide5,P18163_1005_MAzones.csv,ZoneC,28180,23182
Slide5_CTCTTGTCCCGCTTGG-1,Slide5,P18163_1005_MAzones.csv,ZoneA,21195,32266
Slide5_CTGGCTGGTTGTCAGT-1,Slide5,P18163_1005_MAzones.csv,ZoneA,20615,32265
Slide5_CTGGGATAAATAATGG-1,Slide5,P18163_1005_MAzones.csv,ZoneC,28759,24194
Slide5_CTTGTTGCTGAGTCAA-1,Slide5,P18163_1005_MAzones.csv,ZoneC,27598,24192
Slide5_CTTTCTGTGCGGGCTT-1,Slide5,P18163_1005_MAzones.csv,ZoneC,23518,32270
Slide5_GAACCCTCTGTGTTCT-1,Slide5,P18163_1005_MAzones.csv,ZoneA,23805,34797
Slide5_GAAGTCAGTTGCACTA-1,Slide5,P18163_1005_MAzones.csv,ZoneA,21197,31255
Slide5_GAATTATAGTGAAAGG-1,Slide5,P18163_1005_MAzones.csv,ZoneA,24116,22165
Slide5_GACATCGATTTATAAC-1,Slide5,P18163_1005_MAzones.csv,ZoneA,18874,31251
Slide5_GACGCCGTAAAGGCTA-1,Slide5,P18163_1005_MAzones.csv,ZoneA,20034,32264
Slide5_GAGACTTCGCGACCGA-1,Slide5,P18163_1005_MAzones.csv,ZoneA,20906,31760
Slide5_GCAAACCTTGGCCATA-1,Slide5,P18163_1005_MAzones.csv,ZoneA,23806,33786
Slide5_GCCCGATCTGTGGTCG-1,Slide5,P18163_1005_MAzones.csv,ZoneC,22648,31763
Slide5_GCGATTGTTAACGTTA-1,Slide5,P18163_1005_MAzones.csv,ZoneC,26727,23685
Slide5_GCGGGCGAGCCTTACC-1,Slide5,P18163_1005_MAzones.csv,ZoneA,19162,32768
Slide5_GCGTCGCCAGGGTGAT-1,Slide5,P18163_1005_MAzones.csv,ZoneC,22357,32268
Slide5_GCTAAGTAGTTTCTCT-1,Slide5,P18163_1005_MAzones.csv,ZoneC,27601,22171
Slide5_GCTGCTAAGTAGTCGA-1,Slide5,P18163_1005_MAzones.csv,ZoneA,20613,33275
Slide5_GCTGGCGGCGCATGCT-1,Slide5,P18163_1005_MAzones.csv,ZoneC,22938,32269
Slide5_GGAGGGCTTGGTTGGC-1,Slide5,P18163_1005_MAzones.csv,ZoneA,27022,21159
Slide5_GGATCCGGAATATACT-1,Slide5,P18163_1005_MAzones.csv,ZoneC,28182,22172
Slide5_GGGAGTTAATGAGGCG-1,Slide5,P18163_1005_MAzones.csv,ZoneA,26150,21663
Slide5_GGGCCGGCCGAAGTAC-1,Slide5,P18163_1005_MAzones.csv,ZoneC,28761,23183
Slide5_GGGCTGCCTAGGGCGA-1,Slide5,P18163_1005_MAzones.csv,ZoneA,24407,21660
Slide5_GGGTTAACATTTGAGT-1,Slide5,P18163_1005_MAzones.csv,ZoneA,18872,32262
Slide5_GGTAGACCGTTGGGCG-1,Slide5,P18163_1005_MAzones.csv,ZoneA,19744,31758
Slide5_GGTGATAAGGAGCAGT-1,Slide5,P18163_1005_MAzones.csv,ZoneC,27308,23686
Slide5_GTACAGAGGCAAGGGT-1,Slide5,P18163_1005_MAzones.csv,ZoneC,28470,23688
Slide5_GTCATTAGAGCGAACG-1,Slide5,P18163_1005_MAzones.csv,ZoneA,23823,23680
Slide5_GTCCCAACGTAAAGTA-1,Slide5,P18163_1005_MAzones.csv,ZoneA,25569,21662
Slide5_GTCGGGAAGCAGAAAC-1,Slide5,P18163_1005_MAzones.csv,ZoneA,23224,34796
Slide5_GTGAGTGGTACAACGC-1,Slide5,P18163_1005_MAzones.csv,ZoneA,20616,31254
Slide5_GTGGACGCATTTGTCC-1,Slide5,P18163_1005_MAzones.csv,ZoneA,22936,33279
Slide5_GTTGGTCATGCTATCC-1,Slide5,P18163_1005_MAzones.csv,ZoneA,22646,32773
Slide5_GTTTGGTAGGGTCAAC-1,Slide5,P18163_1005_MAzones.csv,ZoneA,21487,31761
Slide5_TACGCCTCCATTCCGA-1,Slide5,P18163_1005_MAzones.csv,ZoneA,21485,32772
Slide5_TACTTGTTAGTAGTCC-1,Slide5,P18163_1005_MAzones.csv,ZoneC,29631,23690
Slide5_TAGCTAGAAGGCATGA-1,Slide5,P18163_1005_MAzones.csv,ZoneA,19165,30747
Slide5_TAGGTTCGAGTTCGTC-1,Slide5,P18163_1005_MAzones.csv,ZoneA,23825,22670
Slide5_TATACGCGTCATCACT-1,Slide5,P18163_1005_MAzones.csv,ZoneA,24094,35302
Slide5_TATTCAATTCTAATCC-1,Slide5,P18163_1005_MAzones.csv,ZoneA,25859,22168
Slide5_TATTCGTGCCAGAATA-1,Slide5,P18163_1005_MAzones.csv,ZoneA,22955,22163
Slide5_TCACAGCAAACTCGAA-1,Slide5,P18163_1005_MAzones.csv,ZoneA,18584,30746
Slide5_TCACAGGAGAATAAGA-1,Slide5,P18163_1005_MAzones.csv,ZoneA,18581,32767
Slide5_TCCGGTTCGTCCGGTC-1,Slide5,P18163_1005_MAzones.csv,ZoneA,19746,30747
Slide5_TCGGACGCCCAGCCCA-1,Slide5,P18163_1005_MAzones.csv,ZoneA,27311,21665
Slide5_TCGTTAGGAGTCCCTA-1,Slide5,P18163_1005_MAzones.csv,ZoneA,20035,31253
Slide5_TGAAAGGACCTGACTC-1,Slide5,P18163_1005_MAzones.csv,ZoneC,28471,22677
Slide5_TGAGCGGAAAGTGTTC-1,Slide5,P18163_1005_MAzones.csv,ZoneA,23227,32774
Slide5_TGCATATGTCTGTCAC-1,Slide5,P18163_1005_MAzones.csv,ZoneC,29052,22678
Slide5_TGCCAATGGGTACTCT-1,Slide5,P18163_1005_MAzones.csv,ZoneA,19453,32263
Slide5_TGCCGTGGATCGTCCT-1,Slide5,P18163_1005_MAzones.csv,ZoneA,22645,33784
Slide5_TGCTCGGCGAAACCCA-1,Slide5,P18163_1005_MAzones.csv,ZoneA,22064,33783
Slide5_TGGACTGTTCGCTCAA-1,Slide5,P18163_1005_MAzones.csv,ZoneA,25566,23683
Slide5_TGGCGATCAAGTTATG-1,Slide5,P18163_1005_MAzones.csv,ZoneA,20327,30748
Slide5_TTACTCCGGCCGGGAA-1,Slide5,P18163_1005_MAzones.csv,ZoneA,27020,22170
Slide5_TTAGAAGAACATGACT-1,Slide5,P18163_1005_MAzones.csv,ZoneC,22939,31258
Slide5_TTATGATCTTAACGAA-1,Slide5,P18163_1005_MAzones.csv,ZoneC,28178,24193
Slide5_TTCAAAGTCTCTAGCC-1,Slide5,P18163_1005_MAzones.csv,ZoneA,26148,22673
Slide5_TTCAATACTCTGAATC-1,Slide5,P18163_1005_MAzones.csv,ZoneC,29340,24195
Slide5_TTCGGGACTAATCGCG-1,Slide5,P18163_1005_MAzones.csv,ZoneA,25276,23177
Slide5_TTGAATATGGACTTTC-1,Slide5,P18163_1005_MAzones.csv,ZoneA,26439,22169
Slide5_TTGTGTATGCCACCAA-1,Slide5,P18163_1005_MAzones.csv,ZoneA,21774,33277
Slide8_AAACCGTTCGTCCAGG-1,Slide8,P22555_1003_MAzones.csv,ZoneA,16171,30492
Slide8_AAAGGGCAGCTTGAAT-1,Slide8,P22555_1003_MAzones.csv,ZoneA,11550,16334
Slide8_AAATTGATAGTCCTTT-1,Slide8,P22555_1003_MAzones.csv,ZoneC,12973,32002
Slide8_AACAACTGGTAGTTGC-1,Slide8,P22555_1003_MAzones.csv,ZoneC,16193,18364
Slide8_AACAATACATTGTCGA-1,Slide8,P22555_1003_MAzones.csv,ZoneB,14710,35038
Slide8_AACAGCTGTGTGGCAA-1,Slide8,P22555_1003_MAzones.csv,ZoneC,12969,34024
Slide8_AACGTCAGACTAGTGG-1,Slide8,P22555_1003_MAzones.csv,ZoneA,15616,16341
Slide8_AACTCTCAGTGTGCTC-1,Slide8,P22555_1003_MAzones.csv,ZoneC,15879,30997
Slide8_AAGATGGCACCGGACC-1,Slide8,P22555_1003_MAzones.csv,ZoneB,15293,34028
Slide8_AAGCGTCCCTCATCGA-1,Slide8,P22555_1003_MAzones.csv,ZoneC,14133,33015
Slide8_AAGGAGCGGTTGGTGC-1,Slide8,P22555_1003_MAzones.csv,ZoneC,17936,18367
Slide8_AAGGCGCGTAAAGCTT-1,Slide8,P22555_1003_MAzones.csv,ZoneA,15035,16340
Slide8_AAGGCTGTGCTCATCG-1,Slide8,P22555_1003_MAzones.csv,ZoneC,17353,19377
Slide8_AAGGGACTATGCATTC-1,Slide8,P22555_1003_MAzones.csv,ZoneA,11516,34527
Slide8_AATAACACTAGAACAA-1,Slide8,P22555_1003_MAzones.csv,ZoneC,15009,30490
Slide8_AATAGAACAGAGTGGC-1,Slide8,P22555_1003_MAzones.csv,ZoneA,17332,30495
Slide8_AATCTAGGTTTACTTG-1,Slide8,P22555_1003_MAzones.csv,ZoneA,8619,30478
Slide8_AATCTGGCTTTCTAGT-1,Slide8,P22555_1003_MAzones.csv,ZoneA,8330,29972
Slide8_AATGGTTCTCACAAGC-1,Slide8,P22555_1003_MAzones.csv,ZoneA,14169,13812
Slide8_AATGTGCCCGAGGTGT-1,Slide8,P22555_1003_MAzones.csv,ZoneA,11811,32000
Slide8_ACAACGGTCCCTGCGA-1,Slide8,P22555_1003_MAzones.csv,ZoneA,12714,15325
Slide8_ACAAGGACAAGAGGTT-1,Slide8,P22555_1003_MAzones.csv,ZoneC,14740,18866
Slide8_ACAATGAATACGGAGA-1,Slide8,P22555_1003_MAzones.csv,ZoneC,12971,33013
Slide8_ACACCTTAAGTAGGGC-1,Slide8,P22555_1003_MAzones.csv,ZoneC,16487,16848
Slide8_ACAGAACTGAGAACAA-1,Slide8,P22555_1003_MAzones.csv,ZoneA,10943,30483
Slide8_ACAGGTGGAGGTGAGG-1,Slide8,P22555_1003_MAzones.csv,ZoneC,15300,29985
Slide8_ACCAACGCTTATTTAT-1,Slide8,P22555_1003_MAzones.csv,ZoneA,18203,31002
Slide8_ACCCACCTACATGCTC-1,Slide8,P22555_1003_MAzones.csv,ZoneA,11259,16838
Slide8_ACCCGAGCGAAATTAC-1,Slide8,P22555_1003_MAzones.csv,ZoneA,12386,35034
Slide8_ACCCTATGCCATATCG-1,Slide8,P22555_1003_MAzones.csv,ZoneC,15586,32513
Slide8_ACCGTGACCACGTGGG-1,Slide8,P22555_1003_MAzones.csv,ZoneB,15291,35039
Slide8_ACGAGGATACCACTCT-1,Slide8,P22555_1003_MAzones.csv,ZoneA,9202,29469
Slide8_ACGTTCGTTCAGGAAA-1,Slide8,P22555_1003_MAzones.csv,ZoneB,16744,34536
Slide8_ACTACCAGCTCTCTGG-1,Slide8,P22555_1003_MAzones.csv,ZoneC,15906,16847
Slide8_ACTATTTCCGGGCCCA-1,Slide8,P22555_1003_MAzones.csv,ZoneB,15874,34029
Slide8_ACTCCAATATCATCAT-1,Slide8,P22555_1003_MAzones.csv,ZoneA,12385,36044
Slide8_ACTGTAGCACTTTGGA-1,Slide8,P22555_1003_MAzones.csv,ZoneC,15323,17857
Slide8_ACTTGGGACCCGGTGG-1,Slide8,P22555_1003_MAzones.csv,ZoneC,18225,18873
Slide8_AGACGACGATGCCGCT-1,Slide8,P22555_1003_MAzones.csv,ZoneC,13556,30993
Slide8_AGACTAGCCTTCCAGA-1,Slide8,P22555_1003_MAzones.csv,ZoneC,17355,18366
Slide8_AGAGAAGGAGTACAAT-1,Slide8,P22555_1003_MAzones.csv,ZoneC,13841,33520
Slide8_AGATAACTTCAGGGCC-1,Slide8,P22555_1003_MAzones.csv,ZoneC,16770,20386
Slide8_AGATGCAAGACGTGCA-1,Slide8,P22555_1003_MAzones.csv,ZoneA,10937,33515
Slide8_AGCAACCGAAAGTAAT-1,Slide8,P22555_1003_MAzones.csv,ZoneA,9777,32502
Slide8_AGCACTTAAGGACGCC-1,Slide8,P22555_1003_MAzones.csv,ZoneA,14157,19876
Slide8_AGCATCATTTCGAAAG-1,Slide8,P22555_1003_MAzones.csv,ZoneA,9490,30985
Slide8_AGCGACAGGAACGGTC-1,Slide8,P22555_1003_MAzones.csv,ZoneC,14719,29984
Slide8_AGCTAACAAGCAATGT-1,Slide8,P22555_1003_MAzones.csv,ZoneB,13548,35036
Slide8_AGCTGTAACCTCAATC-1,Slide8,P22555_1003_MAzones.csv,ZoneA,12103,31495
Slide8_AGGCCACCCGTTATGA-1,Slide8,P22555_1003_MAzones.csv,ZoneC,15032,18362
Slide8_AGTATAATACTAGGCA-1,Slide8,P22555_1003_MAzones.csv,ZoneA,13582,16843
Slide8_AGTATGCTGGAGACCA-1,Slide8,P22555_1003_MAzones.csv,ZoneA,11518,33516
Slide8_AGTCGGCCCAAACGAC-1,Slide8,P22555_1003_MAzones.csv,ZoneA,15325,16846
Slide8_AGTCTCACAAGACTAC-1,Slide8,P22555_1003_MAzones.csv,ZoneA,12683,31497
Slide8_AGTTCCTACAGAATTA-1,Slide8,P22555_1003_MAzones.csv,ZoneA,18515,19379
Slide8_ATACGGAACGTCGTTT-1,Slide8,P22555_1003_MAzones.csv,ZoneA,10358,32503
Slide8_ATAGACGAAGAGAAAG-1,Slide8,P22555_1003_MAzones.csv,ZoneA,17060,20892
Slide8_ATAGAGTACTGGGACA-1,Slide8,P22555_1003_MAzones.csv,ZoneC,17938,17356
Slide8_ATCCAACGCAGTCATA-1,Slide8,P22555_1003_MAzones.csv,ZoneA,14744,16845
Slide8_ATCTTGACCTGCAACG-1,Slide8,P22555_1003_MAzones.csv,ZoneC,16776,17354
Slide8_ATGAGGAGTGTTAATC-1,Slide8,P22555_1003_MAzones.csv,ZoneA,14163,16844
Slide8_ATGCACTACCGCATTG-1,Slide8,P22555_1003_MAzones.csv,ZoneC,17066,17860
Slide8_ATGGGACCTGCTGAAC-1,Slide8,P22555_1003_MAzones.csv,ZoneA,12967,35035
Slide8_ATTATTATGTCCGTCA-1,Slide8,P22555_1003_MAzones.csv,ZoneB,14712,34027
Slide8_ATTCCCACATAAACAA-1,Slide8,P22555_1003_MAzones.csv,ZoneA,10967,17343
Slide8_ATTCCTCCGCCAGTGC-1,Slide8,P22555_1003_MAzones.csv,ZoneA,15327,15835
Slide8_ATTGAAGATCTTAGTG-1,Slide8,P22555_1003_MAzones.csv,ZoneA,18224,19884
Slide8_ATTTACAGTTTACTGG-1,Slide8,P22555_1003_MAzones.csv,ZoneC,15030,19372
Slide8_ATTTCCGGGTTCTGCG-1,Slide8,P22555_1003_MAzones.csv,ZoneC,14135,32005
Slide8_CAAACGGTCGCACTTT-1,Slide8,P22555_1003_MAzones.csv,ZoneC,15611,19373
Slide8_CAAAGATTATTGGGCC-1,Slide8,P22555_1003_MAzones.csv,ZoneC,12682,32507
Slide8_CAAGCAACGTCGGAGT-1,Slide8,P22555_1003_MAzones.csv,ZoneC,15028,20383
Slide8_CAATATTCTTGACCTA-1,Slide8,P22555_1003_MAzones.csv,ZoneC,15588,31502
Slide8_CACACAGGGATAGATT-1,Slide8,P22555_1003_MAzones.csv,ZoneA,11840,16839
Slide8_CACATCGTGCACGCGC-1,Slide8,P22555_1003_MAzones.csv,ZoneB,15001,34533
Slide8_CACCCGGTTTGTGACT-1,Slide8,P22555_1003_MAzones.csv,ZoneC,15298,30996
Slide8_CACCCTTGGTGAGACC-1,Slide8,P22555_1003_MAzones.csv,ZoneA,8621,29468
Slide8_CACCGTTAGGGATCAC-1,Slide8,P22555_1003_MAzones.csv,ZoneC,14717,30995
Slide8_CACGCAGCGAGGCTTT-1,Slide8,P22555_1003_MAzones.csv,ZoneC,16481,19880
Slide8_CACTCCTATGTAAGAT-1,Slide8,P22555_1003_MAzones.csv,ZoneC,14424,32511
Slide8_CACTTCGCCACAGGCT-1,Slide8,P22555_1003_MAzones.csv,ZoneA,13005,14820
Slide8_CAGAGGCGATGCATGA-1,Slide8,P22555_1003_MAzones.csv,ZoneA,17911,31506
Slide8_CAGATACTAACATAGT-1,Slide8,P22555_1003_MAzones.csv,ZoneC,17357,17355
Slide8_CAGATCCTGGTTTGAA-1,Slide8,P22555_1003_MAzones.csv,ZoneA,8907,31995
Slide8_CAGCGATTCCCTTCAA-1,Slide8,P22555_1003_MAzones.csv,ZoneA,16460,30998
Slide8_CAGGCGCACGGTGGTC-1,Slide8,P22555_1003_MAzones.csv,ZoneA,12101,32506
Slide8_CAGTTCAAATTGACAC-1,Slide8,P22555_1003_MAzones.csv,ZoneA,18806,18874
Slide8_CAGTTCCGCGGGTCGA-1,Slide8,P22555_1003_MAzones.csv,ZoneA,11548,17344
Slide8_CCAACGATGCACTGAT-1,Slide8,P22555_1003_MAzones.csv,ZoneC,14738,19877
Slide8_CCACCAACTTTACTGT-1,Slide8,P22555_1003_MAzones.csv,ZoneC,15590,30491
Slide8_CCAGAAAGCAACTCAT-1,Slide8,P22555_1003_MAzones.csv,ZoneC,14428,30489
Slide8_CCATTAGCGATAATCC-1,Slide8,P22555_1003_MAzones.csv,ZoneC,16190,20385
Slide8_CCATTCCCTGCCCACA-1,Slide8,P22555_1003_MAzones.csv,ZoneC,15317,20889
Slide8_CCCAATGAGATTTGCA-1,Slide8,P22555_1003_MAzones.csv,ZoneB,15582,34534
Slide8_CCCGGTGTATCGGAAT-1,Slide8,P22555_1003_MAzones.csv,ZoneA,8909,30984
Slide8_CCCGTAGCTGGGAAGA-1,Slide8,P22555_1003_MAzones.csv,ZoneC,15295,33018
Slide8_CCCTATGTAGAGCAGA-1,Slide8,P22555_1003_MAzones.csv,ZoneA,10935,34525
Slide8_CCCTGAAATGAGTTGA-1,Slide8,P22555_1003_MAzones.csv,ZoneC,15319,19878
Slide8_CCGACGGGCATGAGGT-1,Slide8,P22555_1003_MAzones.csv,ZoneA,11522,31494
Slide8_CCGCGGAATGCGTCAC-1,Slide8,P22555_1003_MAzones.csv,ZoneA,17043,29989
Slide8_CCGGAATGGTTTCAGT-1,Slide8,P22555_1003_MAzones.csv,ZoneA,13293,16337
Slide8_CCGGTTTGTAATTGTG-1,Slide8,P22555_1003_MAzones.csv,ZoneC,16167,32514
Slide8_CCGTATCTCGTCGTAG-1,Slide8,P22555_1003_MAzones.csv,ZoneA,11813,30990
Slide8_CCTACTGCTTACACTT-1,Slide8,P22555_1003_MAzones.csv,ZoneC,18227,17862
Slide8_CCTATACCGTCCTGTC-1,Slide8,P22555_1003_MAzones.csv,ZoneA,17039,32010
Slide8_CCTCCGACAATTCAAG-1,Slide8,P22555_1003_MAzones.csv,ZoneA,13575,20886
Slide8_CCTGCTATTTGAGAAG-1,Slide8,P22555_1003_MAzones.csv,ZoneC,18519,17357
Slide8_CCTGGCTAGACCCGCC-1,Slide8,P22555_1003_MAzones.csv,ZoneC,16483,18870
Slide8_CGAAGTTGCTCTGTGT-1,Slide8,P22555_1003_MAzones.csv,ZoneA,14156,20887
Slide8_CGAGTGAAGGTACCAG-1,Slide8,P22555_1003_MAzones.csv,ZoneA,12392,32001
Slide8_CGCAAACACGAGTTAC-1,Slide8,P22555_1003_MAzones.csv,ZoneA,14742,17856
Slide8_CGCAATTACTTTCGGT-1,Slide8,P22555_1003_MAzones.csv,ZoneA,13584,15832
Slide8_CGCAATTAGGGTAATA-1,Slide8,P22555_1003_MAzones.csv,ZoneC,16774,18365
Slide8_CGCGAGTCTGCCGGGT-1,Slide8,P22555_1003_MAzones.csv,ZoneA,9781,30480
Slide8_CGCGCAAATGTCCAGA-1,Slide8,P22555_1003_MAzones.csv,ZoneA,10939,32504
Slide8_CGCTGTGACGCCGCAC-1,Slide8,P22555_1003_MAzones.csv,ZoneC,17648,16850
Slide8_CGCTGTGTGGATGTTG-1,Slide8,P22555_1003_MAzones.csv,ZoneB,16454,34030
Slide8_CGGAAAGAATCAAACG-1,Slide8,P22555_1003_MAzones.csv,ZoneA,17908,33528
Slide8_CGGAGTTTGAGAGACA-1,Slide8,P22555_1003_MAzones.csv,ZoneA,13868,19370
Slide8_CGTCGGGTCTAAGCGC-1,Slide8,P22555_1003_MAzones.csv,ZoneA,10360,31492
Slide8_CGTGCTTCTACCTAAA-1,Slide8,P22555_1003_MAzones.csv,ZoneA,12095,35538
Slide8_CGTGTCCCATTCGCGA-1,Slide8,P22555_1003_MAzones.csv,ZoneC,15612,18363
Slide8_CGTGTCTCGTTACGAC-1,Slide8,P22555_1003_MAzones.csv,ZoneB,13840,34531
Slide8_CGTTTGTGTAGAGGGT-1,Slide8,P22555_1003_MAzones.csv,ZoneC,15877,32008
Slide8_CTAAATCCGGTGTACA-1,Slide8,P22555_1003_MAzones.csv,ZoneB,14129,35037
Slide8_CTAATTCGCACGCGCT-1,Slide8,P22555_1003_MAzones.csv,ZoneA,13870,18359
Slide8_CTACAAGAAATAACCC-1,Slide8,P22555_1003_MAzones.csv,ZoneB,15584,33523
Slide8_CTACTATCATAGGTTT-1,Slide8,P22555_1003_MAzones.csv,ZoneA,11232,30988
Slide8_CTACTCAAGGTATAGT-1,Slide8,P22555_1003_MAzones.csv,ZoneB,16163,34535
Slide8_CTATAGGCGTTGATGT-1,Slide8,P22555_1003_MAzones.csv,ZoneB,14999,35544
Slide8_CTCGGGTTCTCTGGCC-1,Slide8,P22555_1003_MAzones.csv,ZoneA,11806,35032
Slide8_CTCGGTTGTCGGCCCT-1,Slide8,P22555_1003_MAzones.csv,ZoneA,11520,32505
Slide8_CTCTTCTGGAAGTTAG-1,Slide8,P22555_1003_MAzones.csv,ZoneB,15580,35545
Slide8_CTGCCTTTAATACCTT-1,Slide8,P22555_1003_MAzones.csv,ZoneA,12093,36549
Slide8_CTGTAGCCATCTCACT-1,Slide8,P22555_1003_MAzones.csv,ZoneA,17329,32516
Slide8_CTGTATGGTGTAGAAA-1,Slide8,P22555_1003_MAzones.csv,ZoneA,13297,14315
Slide8_CTGTTCATCTCACGGG-1,Slide8,P22555_1003_MAzones.csv,ZoneA,13875,15327
Slide8_CTTACACGGTATTCCA-1,Slide8,P22555_1003_MAzones.csv,ZoneC,17062,19881
Slide8_CTTCAGTGGTCGCCTA-1,Slide8,P22555_1003_MAzones.csv,ZoneA,9198,31490
Slide8_CTTTGGCTTTAGTAAA-1,Slide8,P22555_1003_MAzones.csv,ZoneC,15609,20384
Slide8_GAAAGTGACTAACTGC-1,Slide8,P22555_1003_MAzones.csv,ZoneA,13001,16842
Slide8_GAAATGGCGGTGTTAG-1,Slide8,P22555_1003_MAzones.csv,ZoneA,19096,19380
Slide8_GAAGAAACGATATTGT-1,Slide8,P22555_1003_MAzones.csv,ZoneA,12388,34023
Slide8_GAAGCTCGGACCCGTC-1,Slide8,P22555_1003_MAzones.csv,ZoneA,10069,31997
Slide8_GAAGCTTGCTGACCGC-1,Slide8,P22555_1003_MAzones.csv,ZoneA,14159,18865
Slide8_GAATAGTGCTCGATTA-1,Slide8,P22555_1003_MAzones.csv,ZoneB,14420,34532
Slide8_GAATCGACATGGTCAC-1,Slide8,P22555_1003_MAzones.csv,ZoneC,16195,17353
Slide8_GACCAGAGCCCTGTAG-1,Slide8,P22555_1003_MAzones.csv,ZoneC,17643,19882
Slide8_GACCCAATTATGATAC-1,Slide8,P22555_1003_MAzones.csv,ZoneA,9779,31491
Slide8_GACGTGTAGGGATTAT-1,Slide8,P22555_1003_MAzones.csv,ZoneA,13289,18358
Slide8_GACTAAGTAGGCTCAC-1,Slide8,P22555_1003_MAzones.csv,ZoneC,16485,17859
Slide8_GAGATCTGCTTGGCAT-1,Slide8,P22555_1003_MAzones.csv,ZoneA,16769,21397
Slide8_GAGCATCAACAACTTG-1,Slide8,P22555_1003_MAzones.csv,ZoneA,12674,36550
Slide8_GAGGAATGGAGAGGTT-1,Slide8,P22555_1003_MAzones.csv,ZoneA,12999,17852
Slide8_GAGGCCCGACTCCGCA-1,Slide8,P22555_1003_MAzones.csv,ZoneA,10649,31998
Slide8_GAGGGTAGTAACAAAG-1,Slide8,P22555_1003_MAzones.csv,ZoneA,12965,36045
Slide8_GAGTCAGACCAGAATC-1,Slide8,P22555_1003_MAzones.csv,ZoneA,17909,32517
Slide8_GAGTTGATGGCAATTT-1,Slide8,P22555_1003_MAzones.csv,ZoneA,9491,29975
Slide8_GATCAACATAAAGGGA-1,Slide8,P22555_1003_MAzones.csv,ZoneB,14419,35543
Slide8_GATCGACACTATCTGA-1,Slide8,P22555_1003_MAzones.csv,ZoneC,17646,17861
Slide8_GATGACAAGTAGGGCA-1,Slide8,P22555_1003_MAzones.csv,ZoneC,13552,33014
Slide8_GATGTAACGAACCACC-1,Slide8,P22555_1003_MAzones.csv,ZoneA,10072,29976
Slide8_GATTCCTATACGGCGC-1,Slide8,P22555_1003_MAzones.csv,ZoneA,10678,16837
Slide8_GATTGCTCCAGTTGCA-1,Slide8,P22555_1003_MAzones.csv,ZoneA,11804,36043
Slide8_GCAAGTGCACAGAGAA-1,Slide8,P22555_1003_MAzones.csv,ZoneA,16197,16342
Slide8_GCACGCCTACTTAGAT-1,Slide8,P22555_1003_MAzones.csv,ZoneC,15296,32007
Slide8_GCAGGAACTTAGATCT-1,Slide8,P22555_1003_MAzones.csv,ZoneA,8328,30983
Slide8_GCCATCGAGCTGCGTG-1,Slide8,P22555_1003_MAzones.csv,ZoneA,17622,31000
Slide8_GCCCAGTTGGTATGCC-1,Slide8,P22555_1003_MAzones.csv,ZoneA,15037,15329
Slide8_GCCCGCGCGTTTGACA-1,Slide8,P22555_1003_MAzones.csv,ZoneA,15620,14320
Slide8_GCCCTAGCCGTCGCGA-1,Slide8,P22555_1003_MAzones.csv,ZoneA,8617,31489
Slide8_GCCGACCCACGACTGC-1,Slide8,P22555_1003_MAzones.csv,ZoneA,12676,35539
Slide8_GCGACCCAACCATCTG-1,Slide8,P22555_1003_MAzones.csv,ZoneC,13550,34025
Slide8_GCGCAAATATATTCAA-1,Slide8,P22555_1003_MAzones.csv,ZoneA,12099,33517
Slide8_GCGGACCGCGTTGTGG-1,Slide8,P22555_1003_MAzones.csv,ZoneA,16462,29988
Slide8_GCGGAGAAACTTCGCA-1,Slide8,P22555_1003_MAzones.csv,ZoneC,13554,32004
Slide8_GCGGCAAAGTATTGCC-1,Slide8,P22555_1003_MAzones.csv,ZoneA,11807,34022
Slide8_GCTAGCTTGAATAGCT-1,Slide8,P22555_1003_MAzones.csv,ZoneA,16751,30493
Slide8_GCTCAATCCGTTTATT-1,Slide8,P22555_1003_MAzones.csv,ZoneC,14137,30994
Slide8_GCTCCTGACATACTGG-1,Slide8,P22555_1003_MAzones.csv,ZoneC,13262,32508
Slide8_GCTCTATGTTACGTGC-1,Slide8,P22555_1003_MAzones.csv,ZoneC,15614,17352
Slide8_GCTGAATCTTCCAATC-1,Slide8,P22555_1003_MAzones.csv,ZoneA,10646,34020
Slide8_GCTTGATGATAATCAG-1,Slide8,P22555_1003_MAzones.csv,ZoneA,14456,15328
Slide8_GGACCTCTAGGCCGCC-1,Slide8,P22555_1003_MAzones.csv,ZoneC,12680,33518
Slide8_GGAGAAGTCATTGGCA-1,Slide8,P22555_1003_MAzones.csv,ZoneA,15908,15836
Slide8_GGATCTTGACTCAACC-1,Slide8,P22555_1003_MAzones.csv,ZoneA,8911,29973
Slide8_GGATTCAGTACGGTGG-1,Slide8,P22555_1003_MAzones.csv,ZoneA,13588,13811
Slide8_GGCAAAGGCGCCAATA-1,Slide8,P22555_1003_MAzones.csv,ZoneC,13845,31499
Slide8_GGCCGAGACTCTGGTG-1,Slide8,P22555_1003_MAzones.csv,ZoneA,13257,35541
Slide8_GGCCGTTTGGGTTTCA-1,Slide8,P22555_1003_MAzones.csv,ZoneA,17035,34032
Slide8_GGCGGAGTAATATTAG-1,Slide8,P22555_1003_MAzones.csv,ZoneA,17351,20387
Slide8_GGCTATTAAGTTGTAT-1,Slide8,P22555_1003_MAzones.csv,ZoneC,15898,20890
Slide8_GGCTCCTCCACCTGTT-1,Slide8,P22555_1003_MAzones.csv,ZoneC,14131,34026
Slide8_GGGAACGGTTTCAGAT-1,Slide8,P22555_1003_MAzones.csv,ZoneA,13255,36551
Slide8_GGGCAACCGCACGTGC-1,Slide8,P22555_1003_MAzones.csv,ZoneA,9488,31996
Slide8_GGGCTGGTTAGTCGCG-1,Slide8,P22555_1003_MAzones.csv,ZoneA,18804,19885
Slide8_GGGTATTCTAGCAAAC-1,Slide8,P22555_1003_MAzones.csv,ZoneA,8326,31994
Slide8_GGGTTAACATTTGAGT-1,Slide8,P22555_1003_MAzones.csv,ZoneA,18492,31507
Slide8_GGTAACCGGGAGGATA-1,Slide8,P22555_1003_MAzones.csv,ZoneA,11809,33011
Slide8_GGTCTCTGAATGGACT-1,Slide8,P22555_1003_MAzones.csv,ZoneC,13847,30488
Slide8_GGTTAGGCTTGGAGAA-1,Slide8,P22555_1003_MAzones.csv,ZoneA,14451,18360
Slide8_GTAAGTAGGGTATACC-1,Slide8,P22555_1003_MAzones.csv,ZoneA,14453,17350
Slide8_GTATCAGCTTGGGTTC-1,Slide8,P22555_1003_MAzones.csv,ZoneA,13877,14316
Slide8_GTATCTCAGTCTTGAC-1,Slide8,P22555_1003_MAzones.csv,ZoneA,10356,33514
Slide8_GTATGAAATTTCACTC-1,Slide8,P22555_1003_MAzones.csv,ZoneA,10362,30481
Slide8_GTCACTCTCCAAATCT-1,Slide8,P22555_1003_MAzones.csv,ZoneA,13003,15831
Slide8_GTCGCCGTTGTGTGTT-1,Slide8,P22555_1003_MAzones.csv,ZoneB,16456,33020
Slide8_GTCGGATATCTCAGAC-1,Slide8,P22555_1003_MAzones.csv,ZoneA,14447,20382
Slide8_GTGGAGTCGGCGGTTG-1,Slide8,P22555_1003_MAzones.csv,ZoneC,15007,31501
Slide8_GTGGGCTTAGACACAC-1,Slide8,P22555_1003_MAzones.csv,ZoneC,15321,18867
Slide8_GTGGTATAGTCTGCCG-1,Slide8,P22555_1003_MAzones.csv,ZoneB,15875,33019
Slide8_GTTCACAGGAGTCTAG-1,Slide8,P22555_1003_MAzones.csv,ZoneA,13866,20381
Slide8_GTTTCCTGGAGGGTGA-1,Slide8,P22555_1003_MAzones.csv,ZoneC,18229,16851
Slide8_TAAACCCAGGAGGGCA-1,Slide8,P22555_1003_MAzones.csv,ZoneC,14426,31500
Slide8_TAACAAAGGGAGAAGC-1,Slide8,P22555_1003_MAzones.csv,ZoneA,14167,14822
Slide8_TAACATACACGCGATC-1,Slide8,P22555_1003_MAzones.csv,ZoneA,11230,31999
Slide8_TAACTATCGAAGGTCC-1,Slide8,P22555_1003_MAzones.csv,ZoneA,13874,16338
Slide8_TAAGGCATAACATCAA-1,Slide8,P22555_1003_MAzones.csv,ZoneA,18199,33023
Slide8_TAAGTCGCCGAGTATC-1,Slide8,P22555_1003_MAzones.csv,ZoneC,13264,31498
Slide8_TACCTCCACACCAATG-1,Slide8,P22555_1003_MAzones.csv,ZoneA,12383,37055
Slide8_TACGCCGAGGGTACCC-1,Slide8,P22555_1003_MAzones.csv,ZoneC,13843,32509
Slide8_TACGTGCACTATGCTG-1,Slide8,P22555_1003_MAzones.csv,ZoneA,13586,14821
Slide8_TACTATGGTTCCTCAG-1,Slide8,P22555_1003_MAzones.csv,ZoneA,17618,33022
Slide8_TACTCTTTCGTCTTCA-1,Slide8,P22555_1003_MAzones.csv,ZoneA,17327,33527
Slide8_TACTGAACAGATTTAG-1,Slide8,P22555_1003_MAzones.csv,ZoneB,16748,32515
Slide8_TATAAGTGAGGATAGC-1,Slide8,P22555_1003_MAzones.csv,ZoneA,15329,14825
Slide8_TATATAGGGCTTTACG-1,Slide8,P22555_1003_MAzones.csv,ZoneA,13546,36046
Slide8_TATATATCGAGAAATG-1,Slide8,P22555_1003_MAzones.csv,ZoneA,12097,34528
Slide8_TATTAACCTGACCGCG-1,Slide8,P22555_1003_MAzones.csv,ZoneB,17037,33021
Slide8_TATTTGTTACCCTTTA-1,Slide8,P22555_1003_MAzones.csv,ZoneC,17359,16344
Slide8_TCAACAAAGATAATTC-1,Slide8,P22555_1003_MAzones.csv,ZoneA,12394,30991
Slide8_TCAACATAGCGCCCTA-1,Slide8,P22555_1003_MAzones.csv,ZoneB,16746,33526
Slide8_TCACAGGAGAATAAGA-1,Slide8,P22555_1003_MAzones.csv,ZoneA,18201,32012
Slide8_TCACAGGTTATTGGGC-1,Slide8,P22555_1003_MAzones.csv,ZoneA,17932,20388
Slide8_TCAGCAGTAGGCCCTG-1,Slide8,P22555_1003_MAzones.csv,ZoneB,15872,35040
Slide8_TCAGGTTCTTTGAGAA-1,Slide8,P22555_1003_MAzones.csv,ZoneC,16191,19374
Slide8_TCAGTACTGACCCGCG-1,Slide8,P22555_1003_MAzones.csv,ZoneA,13872,17349
Slide8_TCAGTGTATACGTCAT-1,Slide8,P22555_1003_MAzones.csv,ZoneC,14422,33521
Slide8_TCATCGATGGTCCCAA-1,Slide8,P22555_1003_MAzones.csv,ZoneA,12390,33012
Slide8_TCCACAATGGTTTACG-1,Slide8,P22555_1003_MAzones.csv,ZoneC,14449,19371
Slide8_TCCCAGGCTTAGCTAA-1,Slide8,P22555_1003_MAzones.csv,ZoneC,17934,19378
Slide8_TCCTCTACGAGATGGC-1,Slide8,P22555_1003_MAzones.csv,ZoneA,13291,17348
Slide8_TCGAAATTTAGGACCA-1,Slide8,P22555_1003_MAzones.csv,ZoneC,17064,18871
Slide8_TCGAATATCCCGCAGG-1,Slide8,P22555_1003_MAzones.csv,ZoneC,13261,33519
Slide8_TCGAGCCAGGCAGGCC-1,Slide8,P22555_1003_MAzones.csv,ZoneC,14714,33016
Slide8_TCGGTCCCGACAATAG-1,Slide8,P22555_1003_MAzones.csv,ZoneA,10648,33009
Slide8_TCGTCAAGTACGCGCA-1,Slide8,P22555_1003_MAzones.csv,ZoneC,15005,32512
Slide8_TCGTCCGCTGGCGTCT-1,Slide8,P22555_1003_MAzones.csv,ZoneA,15618,15330
Slide8_TCGTTGCTATCCGGTC-1,Slide8,P22555_1003_MAzones.csv,ZoneA,17330,31505
Slide8_TCTAATACTGCCTCAG-1,Slide8,P22555_1003_MAzones.csv,ZoneA,11228,33010
Slide8_TCTGAACCGGTCGGCT-1,Slide8,P22555_1003_MAzones.csv,ZoneA,14748,14823
Slide8_TGACCCACGTTAGACA-1,Slide8,P22555_1003_MAzones.csv,ZoneA,17641,20893
Slide8_TGATACATTTAGCCGT-1,Slide8,P22555_1003_MAzones.csv,ZoneC,16458,32009
Slide8_TGATTCGTCTATCACT-1,Slide8,P22555_1003_MAzones.csv,ZoneC,15900,19879
Slide8_TGCCGGATGTACGAGC-1,Slide8,P22555_1003_MAzones.csv,ZoneB,13838,35542
Slide8_TGCGACGGCCGAACGT-1,Slide8,P22555_1003_MAzones.csv,ZoneC,13259,34530
Slide8_TGCGCGATTAACGGAG-1,Slide8,P22555_1003_MAzones.csv,ZoneC,15904,17858
Slide8_TGCGTCATGACTGAGC-1,Slide8,P22555_1003_MAzones.csv,ZoneA,10070,30986
Slide8_TGCTGGTTGGACAATT-1,Slide8,P22555_1003_MAzones.csv,ZoneA,15909,14826
Slide8_TGGAGTGATGCGATGA-1,Slide8,P22555_1003_MAzones.csv,ZoneC,15902,18868
Slide8_TGGCCGTATATTGACC-1,Slide8,P22555_1003_MAzones.csv,ZoneC,15033,17351
Slide8_TGGCGACTGCTCCAAA-1,Slide8,P22555_1003_MAzones.csv,ZoneA,17620,32011
Slide8_TGTGTCGCGAGTTGCA-1,Slide8,P22555_1003_MAzones.csv,ZoneA,14454,16339
Slide8_TGTTCTTCCATTGACT-1,Slide8,P22555_1003_MAzones.csv,ZoneA,16479,20891
Slide8_TTAAGCGCCTGACCCA-1,Slide8,P22555_1003_MAzones.csv,ZoneC,16772,19375
Slide8_TTAAGGCCCGTACTTT-1,Slide8,P22555_1003_MAzones.csv,ZoneA,11227,34021
Slide8_TTACATCGTGGCCTGG-1,Slide8,P22555_1003_MAzones.csv,ZoneA,14458,14318
Slide8_TTACCCTAACAGTCCT-1,Slide8,P22555_1003_MAzones.csv,ZoneA,10969,16332
Slide8_TTAGGTCATAACCGAC-1,Slide8,P22555_1003_MAzones.csv,ZoneB,15003,33522
Slide8_TTATCCTCAAGGAATA-1,Slide8,P22555_1003_MAzones.csv,ZoneA,9200,30479
Slide8_TTATGACAAACTGGAT-1,Slide8,P22555_1003_MAzones.csv,ZoneA,14161,17855
Slide8_TTCCGGCCTTGAGGCT-1,Slide8,P22555_1003_MAzones.csv,ZoneA,16750,31504
Slide8_TTCGACGGGAAGGGCG-1,Slide8,P22555_1003_MAzones.csv,ZoneC,16778,16343
Slide8_TTCGCACTCGCGTGCT-1,Slide8,P22555_1003_MAzones.csv,ZoneC,17067,16849
Slide8_TTCGCGCGCCATACGA-1,Slide8,P22555_1003_MAzones.csv,ZoneA,17616,34033
Slide8_TTCGGGCGCTAGTCTT-1,Slide8,P22555_1003_MAzones.csv,ZoneC,14716,32006
Slide8_TTCTACTTGCGAGGGC-1,Slide8,P22555_1003_MAzones.csv,ZoneA,13295,15326
Slide8_TTCTTGTAACCTAATG-1,Slide8,P22555_1003_MAzones.csv,ZoneA,14165,15833
Slide8_TTGATCTAACTTTGTC-1,Slide8,P22555_1003_MAzones.csv,ZoneC,17645,18872
Slide8_TTGATTATGCAGATGA-1,Slide8,P22555_1003_MAzones.csv,ZoneA,13580,17853
Slide8_TTGCCATAGCCCGCTC-1,Slide8,P22555_1003_MAzones.csv,ZoneA,10941,31493
Slide8_TTGCGGCATCAGAAAG-1,Slide8,P22555_1003_MAzones.csv,ZoneA,17041,30999
Slide8_TTGCGTCGGCCAACCG-1,Slide8,P22555_1003_MAzones.csv,ZoneA,15881,29986
Slide8_TTGGCTCGCATGAGAC-1,Slide8,P22555_1003_MAzones.csv,ZoneA,14746,15834
Slide8_TTGGTTGCGGTGCGCG-1,Slide8,P22555_1003_MAzones.csv,ZoneA,10651,30987
Slide8_TTGTTAGCAAATTCGA-1,Slide8,P22555_1003_MAzones.csv,ZoneA,16199,15332
Slide8_TTGTTTCACATCCAGG-1,Slide8,P22555_1003_MAzones.csv,ZoneB,16165,33525
Slide8_TTGTTTCATTAGTCTA-1,Slide8,P22555_1003_MAzones.csv,ZoneA,12678,34529
