p_val,avg_log2FC,pct.1,pct.2,p_val_adj,cluster,gene
1.1840710449292997e-93,3.6936497324063304,0.847,0.226,2.7177982694262215e-89,ZoneC,LASC010016
1.052300246936154e-89,2.081843532479836,0.716,0.09,2.4153447567925542e-85,ZoneC,LASC017213
4.8977596628656056e-89,3.2802407639562725,0.854,0.262,1.1241827754175424e-84,ZoneC,LASC004595
2.121372020898777e-88,2.4571798068186004,0.746,0.118,4.869185199568963e-84,ZoneC,LASC018595
2.4019520612183392e-85,4.70008113087709,0.907,0.478,5.513200566114454e-81,ZoneC,LASC012648
4.3472895793500366e-85,3.6685376850781353,0.877,0.322,9.978333771482138e-81,ZoneC,LASC017532
6.694101821308859e-85,2.953381893992449,0.784,0.167,1.5364971910450225e-80,ZoneC,LASC007993
1.0732038915379611e-83,2.692586901783159,0.75,0.142,2.463324892247082e-79,ZoneC,LASC020242
4.35589682517555e-82,4.496627893087551,0.944,0.703,9.99808998282544e-78,ZoneC,spa
5.2101438630846826e-82,1.8191973473386711,0.683,0.093,1.1958843208938273e-77,ZoneC,far1-wat
3.0611654589907075e-78,3.431323711679279,0.869,0.393,7.0262930780213706e-74,ZoneC,pnliprp1
1.0973219589714892e-76,2.029234373130766,0.675,0.099,2.518683092427259e-72,ZoneC,LASC005034
4.711809694027591e-76,4.078888645920519,0.892,0.473,1.081501679070153e-71,ZoneC,LASC013229
2.946625356249872e-72,1.5196256162914874,0.563,0.047,6.763389180200332e-68,ZoneC,LASC022179
2.48967309835423e-69,1.250637625174354,0.563,0.052,5.7145466626524645e-65,ZoneC,aael008004-elovl1
9.546181683718031e-66,2.6638367128443408,0.944,0.639,2.1911350818638e-61,ZoneC,xync
4.7134311323636965e-65,1.0644271014447622,0.507,0.038,1.0818738478114393e-60,ZoneC,spz3-2
5.9141148760399216e-65,1.513030729853701,0.582,0.08,1.3574667874974433e-60,ZoneC,nrf-6-9
3.048519315419713e-63,2.9789126329146507,0.66,0.132,6.997266384682867e-59,ZoneC,LASC007995
9.384269040446297e-61,1.1979854532526235,0.537,0.066,2.1539712728536387e-56,ZoneC,ttpal-clvs2-3
8.254324184904915e-60,0.9758268355996915,0.522,0.057,1.8946150301612252e-55,ZoneC,pnliprp3-pnlip
1.1263540733833002e-58,1.763583897244839,0.701,0.189,2.585320504636689e-54,ZoneC,agmo-3
3.1539321506246617e-58,1.291493358701484,0.552,0.079,7.239220465328786e-54,ZoneC,LASC007099
3.6481076973064596e-58,1.2147772801109213,0.91,0.497,8.373501597627517e-54,ZoneC,sp-1339#prd34368.1-4
1.4195075629970937e-57,1.6356808827711034,0.731,0.213,3.2581957093472293e-53,ZoneC,cyp4v2-15
2.476963643259694e-56,1.623667599781594,0.881,0.461,5.685374650373976e-52,ZoneC,LASC005273
2.183992017017198e-55,1.3774094229632703,0.69,0.172,5.0129168766595744e-51,ZoneC,LASC009784
1.4714948148649272e-54,0.9351404595058176,0.485,0.055,3.3775220485594674e-50,ZoneC,fasn-8
1.2462822120599534e-53,1.57215908923059,0.459,0.046,2.8605915613412113e-49,ZoneC,jhamt-7
1.2202749336142252e-52,1.6691760126935278,0.75,0.256,2.800897055124731e-48,ZoneC,LASC016881
1.735365375809507e-52,1.3458323462952515,0.493,0.063,3.983184147095562e-48,ZoneC,LASC017219
7.981005198006472e-52,1.341216290482656,0.455,0.05,1.8318801230984256e-47,ZoneC,elovl7-10
1.1321498450239273e-48,0.8242770493782443,0.392,0.028,2.5986235392834205e-44,ZoneC,elovl7-3
4.89031160701209e-48,1.0585144815232241,0.552,0.11,1.122473223157485e-43,ZoneC,slc13a5
1.0118611716703875e-47,0.803365598448423,0.433,0.049,2.32252494733504e-43,ZoneC,hsd17b6-hsd17b2
1.0249830608826892e-47,2.6757972989367094,0.75,0.347,2.3526436196440363e-43,ZoneC,LASC013967
1.0684662114041281e-45,1.1537549538627194,0.664,0.222,2.4524504950358955e-41,ZoneC,alpl-8
1.587056898589302e-45,0.7705999722670919,0.392,0.035,3.642771699332025e-41,ZoneC,LASC002254
2.1163881144818014e-45,0.8124369877223927,0.451,0.063,4.857745639170079e-41,ZoneC,ephx1-2
2.999269054359695e-44,0.715833348764048,0.388,0.036,6.884222260471808e-40,ZoneC,LASC007083
7.545046766288129e-44,1.5490344483084553,0.705,0.298,1.7318145842661144e-39,ZoneC,dcd2b
2.832475672942665e-41,0.9639048881716906,0.459,0.085,6.501381412105299e-37,ZoneC,LASC010687
3.551983380947777e-41,3.6959953308058395,0.586,0.172,8.152867454289432e-37,ZoneC,LASC009427
2.39841660947946e-40,2.0539330468485018,0.709,0.347,5.5050856437382044e-36,ZoneC,aael008004-2
2.900813918033492e-40,1.0337876363982486,0.534,0.129,6.658238186062274e-36,ZoneC,nrf-6-29
1.8751518757783382e-39,0.8100085228876077,0.466,0.095,4.30403610047402e-35,ZoneC,aael008004
1.021520973884095e-36,1.0109242935751788,0.433,0.087,2.3446970913561634e-32,ZoneC,jhamt-14
4.697711856493524e-36,1.008413074419129,0.347,0.043,1.0782658024209585e-31,ZoneC,elovl7-11
3.3773301643445792e-34,0.637834976294306,0.354,0.05,7.751985926220113e-30,ZoneC,picot-18
1.3683062972441467e-33,1.0777477260849435,0.612,0.24,3.14067344406449e-29,ZoneC,mttp-2
1.015906297720344e-32,0.42203608964022266,0.272,0.019,2.3318097251575054e-28,ZoneC,kcp-2
4.481041063428843e-32,0.7216779262304336,0.451,0.114,1.0285333552888223e-27,ZoneC,tmem68
6.080604746883549e-32,1.1757935375099464,0.701,0.385,1.395681207552181e-27,ZoneC,me1
6.127155420217461e-32,1.1588676733452765,0.646,0.279,1.406365983602514e-27,ZoneC,pxd-pxt-2
2.2855393006410255e-31,1.1245892449062693,0.668,0.336,5.245998356761346e-27,ZoneC,tmem163
3.971443266014357e-31,0.9985807587147721,0.612,0.26,9.115653728482753e-27,ZoneC,crip1
1.1575193370483238e-30,0.601610362590453,0.373,0.069,2.6568541343270176e-26,ZoneC,acsl5-2
9.01007808861463e-30,0.5612176916173827,0.362,0.068,2.068083223679716e-25,ZoneC,scd5-4
1.1933120001769725e-29,0.35077429645980396,0.224,0.009,2.739009034006205e-25,ZoneC,fmo2-5
1.9405970372807407e-29,1.9114270860693212,0.978,0.962,4.454252379670484e-25,ZoneC,rpl10
7.46031069574371e-29,0.44231640570432484,0.451,0.104,1.712365113994054e-24,ZoneC,Spidroin3
6.8347402324087425e-28,1.0659270670411718,0.287,0.039,1.5687779255447788e-23,ZoneC,LASC017807
3.680841459241906e-27,0.4109469109784167,0.25,0.024,8.448635401397947e-23,ZoneC,faah2-7
1.0465259267164358e-26,0.4795539704220111,0.272,0.035,2.402090959592235e-22,ZoneC,ttc39b-2
2.198113250887922e-26,0.5807457840874856,0.261,0.032,5.045329344763047e-22,ZoneC,cg5065
5.0479786477559396e-26,0.5236089037285092,0.313,0.057,1.1586625390194207e-21,ZoneC,orct-22
3.3902218856631326e-25,0.3813617192736086,0.246,0.028,7.781576294162588e-21,ZoneC,foxp1b
8.352275890603147e-25,0.667299142088545,0.392,0.11,1.9170978851701403e-20,ZoneC,scd5-3
5.595695489587334e-24,1.403846481364801,0.687,0.416,1.2843799857249806e-19,ZoneC,cpib
5.8508533896639154e-24,0.44092099262796963,0.246,0.032,1.3429463785295585e-19,ZoneC,hsd17b2-3
1.5603882111439873e-23,0.7792294255596727,0.489,0.189,3.581559061038794e-19,ZoneC,jafrac1
6.271032148235328e-23,0.5201742075930879,0.399,0.117,1.4393900089844548e-18,ZoneC,sult1c2-6
3.773427018025604e-21,0.38998460148988123,0.272,0.052,8.661147034474168e-17,ZoneC,rdh7-hsd17b2
9.588404090570982e-21,0.5385862206662562,0.377,0.118,2.2008263909087576e-16,ZoneC,slc16a9-7
3.5485622804005475e-20,0.9918542542358895,0.754,0.59,8.145015002203377e-16,ZoneC,ywrd-5
6.51925365200269e-20,0.2666464939891022,0.183,0.017,1.4963642907441774e-15,ZoneC,otx2-a
1.9351598524905985e-19,0.3865379679986794,0.261,0.054,4.441772409421671e-15,ZoneC,b4gat1-2
5.529220339386e-19,0.9273500650582525,0.701,0.467,1.2691219444992685e-14,ZoneC,hsd17b12
1.6741415646701924e-18,0.4282945064872243,0.317,0.088,3.8426571333874926e-14,ZoneC,fasn-13
1.8427687073638416e-18,0.9526680214107182,0.925,0.847,4.2297070140122255e-14,ZoneC,LASC015247
2.2456669713080606e-18,0.2646176527100894,0.149,0.009,5.154479399243392e-14,ZoneC,LASC002536
3.505262498623992e-18,0.7412720089768775,0.634,0.36,8.04562901309165e-14,ZoneC,cndp2
4.279831250755366e-18,0.3249544900062721,0.228,0.043,9.823496669858791e-14,ZoneC,espn
5.485862043648913e-18,0.7769391339215672,0.604,0.333,1.259169914878735e-13,ZoneC,LASC003333
1.9329928975051874e-17,0.29071132863828025,0.153,0.013,4.4367985976436564e-13,ZoneC,nrf-6-27
7.061860038385812e-17,0.6600275013053907,0.44,0.2,1.6209087346106954e-12,ZoneC,cd109
9.435344096251272e-17,0.3229542231823358,0.302,0.084,2.1656945304125546e-12,ZoneC,zan
1.9588304343072066e-16,0.9289055910149676,0.657,0.427,4.4961034958653314e-12,ZoneC,calr-crt
2.7534366918980907e-16,0.570938634023823,0.459,0.216,6.319963238913688e-12,ZoneC,mgll
7.8524001147786505e-16,0.2933240242759042,0.209,0.041,1.8023613983451436e-11,ZoneC,paqr5
1.436569374724318e-15,0.5280379164232,0.213,0.046,3.297357685804727e-11,ZoneC,lrmda-vnn1
1.4377487352226948e-15,0.270775537862924,0.172,0.025,3.3000646719566516e-11,ZoneC,cht10-chi3l2
1.815657943234645e-15,0.26848138125481447,0.168,0.024,4.16747967710648e-11,ZoneC,rimbp2-2
2.3709769228005172e-15,0.5465534588047005,0.504,0.256,5.442103330904027e-11,ZoneC,tpst
6.9911797644279e-15,0.6105166492358669,0.183,0.033,1.604685491329136e-10,ZoneC,LASC007994
1.4634321612812828e-14,0.3085923345103309,0.235,0.06,3.3590158397889287e-10,ZoneC,cpt1a
1.7911516241540492e-14,0.4167703696881122,0.444,0.208,4.111230322920789e-10,ZoneC,tm-fabg
2.962771380147041e-14,0.6779128596869213,0.578,0.356,6.800449148851502e-10,ZoneC,aael006169
3.1785957502387593e-14,0.5572277504651368,0.571,0.333,7.295830825523024e-10,ZoneC,lysd
3.477522953438894e-14,1.3102004483976204,0.843,0.834,7.981958435028293e-10,ZoneC,sams-4-mat2a-mat1a
7.04223098339181e-14,0.4641307577186672,0.437,0.207,1.6164032776179221e-9,ZoneC,ephb2
8.736475381897225e-14,0.3693617575849739,0.354,0.139,2.00528319440687e-9,ZoneC,phm
1.7071815118945628e-13,0.4698195648606252,0.369,0.164,3.91849372425159e-9,ZoneC,fkbp7-fkbp3-fpr2
1.9630743182627615e-13,0.32115066742855025,0.22,0.058,4.505844482708516e-9,ZoneC,LASC015770
2.180001166671099e-13,0.5545736525119,0.433,0.218,5.003756677860173e-9,ZoneC,LASC011225
2.5139568640047604e-12,0.8725076478083147,0.787,0.653,5.7702851899501264e-8,ZoneC,LASC000095
3.0807510696316014e-12,0.3802944755367651,0.31,0.12,7.071247930125415e-8,ZoneC,LASC012963
7.76766908691978e-12,0.741792356839035,0.631,0.448,1.782913085520697e-7,ZoneC,pank1
1.5398932567571102e-11,0.47344815839342375,0.44,0.241,3.534516992234595e-7,ZoneC,igf2r
2.6153835864708432e-11,0.6453830914557844,0.358,0.177,6.003089946026526e-7,ZoneC,LASC016829
3.14764813234499e-11,1.9213177372679964,0.265,0.099,7.224796758171455e-7,ZoneC,LASC012649
3.880922519819041e-11,0.3515972358699957,0.358,0.166,8.907881459740645e-7,ZoneC,c1galta
6.062349620820488e-11,0.484113545639818,0.366,0.18,1.3914911084669268e-6,ZoneC,bco1
6.232915051507523e-11,0.3927414662090853,0.343,0.158,1.4306409917725216e-6,ZoneC,LASC019529
7.421049555345629e-11,0.6852924977798991,0.713,0.533,1.7033535044384822e-6,ZoneC,pdia3
8.794353889761457e-11,0.5283757198913923,0.493,0.289,2.018568048316947e-6,ZoneC,a2m-a2ml1
8.888625418638623e-11,0.32382364083021253,0.28,0.11,2.040206192340123e-6,ZoneC,tmem205
9.821418365420759e-11,0.3474929997089714,0.302,0.129,2.2543101574150267e-6,ZoneC,tox3-tox4
1.2218169054903314e-10,0.7903127575912618,0.634,0.472,2.8044363431719574e-6,ZoneC,npc2a-2
1.2994557815294734e-10,0.506434261551524,0.425,0.235,2.9826408553446002e-6,ZoneC,tecr-art-1
1.396174506678765e-10,0.4243964355447704,0.448,0.254,3.2046393451797693e-6,ZoneC,lgmn-2
4.278919803101253e-10,0.30973343639762196,0.261,0.104,9.821404624058307e-6,ZoneC,mcfd2-4
5.374507248966571e-10,0.9139396968502145,0.892,0.833,1.233610648855297e-5,ZoneC,tg-3
6.300944771611141e-10,0.29210604611923247,0.239,0.088,1.4462558534279052e-5,ZoneC,atp13a2-atp13a4
1.2073354593735519e-9,0.5203516936043702,0.317,0.153,2.7711970799001137e-5,ZoneC,ucp2
1.6663984799383132e-9,0.8057865741739194,0.881,0.85,3.82488443100241e-5,ZoneC,znf706
2.091447667842971e-9,0.49719713014330347,0.608,0.435,4.8004998319999716e-5,ZoneC,kdelr2
2.2490777646763053e-9,0.6219705097615331,0.672,0.533,5.162308193261524e-5,ZoneC,syt1
3.184061431242863e-9,0.72796953048063,0.683,0.532,7.308376203131743e-5,ZoneC,LASC022304
3.3244844096462406e-9,0.486084598491337,0.567,0.415,7.630689065461016e-5,ZoneC,znfx1-5
3.694918422981243e-9,0.5081269952842541,0.369,0.192,8.480946256268848e-5,ZoneC,slc7a5p1-slc7a8-slc7a6
4.732313393370653e-9,0.3178008726888115,0.31,0.15,1.086207893180366e-4,ZoneC,cyp18a1-7
5.785869898183839e-9,0.28210582849574767,0.261,0.112,1.3280307177301366e-4,ZoneC,sec14l2-21
6.1075348403454405e-9,0.9136811534817002,0.821,0.768,1.401862471904489e-4,ZoneC,mknk1
1.2565315089512306e-8,0.8211759506721223,0.657,0.509,2.8841167724957595e-4,ZoneC,ctsb-2
1.2754919963757636e-8,0.4044127993469064,0.429,0.256,2.9276367792812903e-4,ZoneC,rpn1
2.2041618636336334e-8,0.2764940529808301,0.354,0.185,5.059212725598279e-4,ZoneC,idh1
3.082122955550599e-8,3.798985095722629,0.31,0.186,7.07439681987529e-4,ZoneC,LASC009428
3.63941142150335e-8,0.4527790097331401,0.489,0.326,8.353541035776639e-4,ZoneC,hacd1
4.111062532963509e-8,0.46130654845482655,0.384,0.216,9.436121831911141e-4,ZoneC,LASC004832
6.044657793168637e-8,0.4320998989114665,0.317,0.17,0.0013874303032659972,ZoneC,pdia6
6.494145379360861e-8,0.29568909864309517,0.28,0.134,0.0014906011889246984,ZoneC,rab7-rab7a
7.286109545099365e-8,0.5309369049512591,0.739,0.636,0.0016723807238866572,ZoneC,b3galt5
7.335015325107084e-8,0.366591066349778,0.563,0.407,0.001683606067571829,ZoneC,pdap1
7.70028280245213e-8,0.3412972089324436,0.332,0.18,0.0017674459116468375,ZoneC,unc13b
8.790608477932532e-8,0.359667467671006,0.269,0.131,0.002017708363939854,ZoneC,aldh3a2-2
9.129707217738666e-8,0.2961699784991316,0.228,0.098,0.002095541697687556,ZoneC,fmo5-5
1.2079695753056764e-7,0.4029802913053152,0.422,0.276,0.0027726525661991193,ZoneC,xirp2
1.3010136174950139e-7,0.7322564042849051,0.784,0.735,0.002986216556236305,ZoneC,cotl1
1.4782444851164533e-7,0.2662953136482858,0.243,0.11,0.003393014566687795,ZoneC,slc2a12
2.0958346729746233e-7,0.2573963834355002,0.299,0.151,0.004810569324878653,ZoneC,npc1-2
2.1295251353641251e-7,0.4966239073757366,0.616,0.468,0.004887899043201276,ZoneC,litaf-3
2.2075926104378725e-7,0.25470483825456236,0.194,0.077,0.005067087318738049,ZoneC,pgant5
2.759287302145514e-7,1.058419675385676,0.955,0.978,0.006333392144614598,ZoneC,LASC005801
2.7608346265249233e-7,0.48297408379034024,0.687,0.558,0.006336943718262656,ZoneC,psap
2.8315149638610993e-7,0.8474410859365658,0.828,0.782,0.006499176296550381,ZoneC,tth-1
2.9968644059326035e-7,0.38774382425313025,0.455,0.297,0.006878702870937105,ZoneC,zan-srfbp1
3.063865927936149e-7,0.38119919122008106,0.541,0.38,0.007032491464391844,ZoneC,tpo-pxt
4.039782295983955e-7,0.26345215241170294,0.287,0.148,0.009272512303971973,ZoneC,LASC010198
4.4826916281496757e-7,0.2630083998484322,0.373,0.213,0.01028912209409195,ZoneC,LASC010283
4.772167826789078e-7,0.2979870471158972,0.336,0.191,0.01095355681282897,ZoneC,dynlrb2
4.852943194929153e-7,0.2750617097565564,0.265,0.132,0.011138960515320886,ZoneC,LASC006253
6.546216280242068e-7,0.2553228939069359,0.317,0.17,0.015025530228039617,ZoneC,ergic1
6.894269418548662e-7,0.3476991382653647,0.373,0.224,0.015824416596394743,ZoneC,slc9a3-2
7.640477994922941e-7,0.2580171555399514,0.246,0.118,0.017537189141746626,ZoneC,cyb561
7.734578643311238e-7,0.31921182149651883,0.422,0.265,0.017753178359992284,ZoneC,arf4
1.05317563643495e-6,0.31078122135245023,0.265,0.134,0.024173540383091406,ZoneC,LASC011312
1.0643876376245477e-6,0.42965826925788386,0.478,0.333,0.024430889446396244,ZoneC,LASC009345
1.171013841532656e-6,0.5377655575209386,0.679,0.555,0.026878280704699054,ZoneC,cher-2
1.228067481577761e-6,0.3372841209976084,0.272,0.148,0.028187832904654347,ZoneC,dpys
1.2619191407085254e-6,0.30365038434577796,0.44,0.289,0.028964830036682782,ZoneC,LASC010631
1.2776405483273507e-6,0.2897954239494275,0.306,0.169,0.02932568350575768,ZoneC,lrp2bp
1.4480427639613336e-6,0.27977585095712454,0.243,0.121,0.03323692556120449,ZoneC,fasn-9
1.4503430895389635e-6,0.3529159590445356,0.425,0.282,0.03328972493418783,ZoneC,ppif
1.5092453195750293e-6,0.8275384837388446,0.862,0.825,0.03464170782020565,ZoneC,tsr
2.1628478503350714e-6,0.3241144869054936,0.34,0.207,0.04964384670874089,ZoneC,pdcd6
2.1764768584757737e-6,0.513702621208753,0.642,0.525,0.04995667333259443,ZoneC,atp5md
2.253180806810783e-6,0.4353147328578645,0.369,0.251,0.0517172590587279,ZoneC,sqh
2.4810953395894663e-6,0.30365038434577785,0.362,0.229,0.05694858132959702,ZoneC,lypla2
3.2362176537513597e-6,0.33766940476031704,0.612,0.461,0.07428090380655496,ZoneC,wbp2
4.262602742581204e-6,0.34658649949637055,0.332,0.2,0.09783952075046637,ZoneC,chmp2a
4.771121317164495e-6,0.6019994000039646,0.731,0.666,0.10951154759287665,ZoneC,gabarap
5.232216331119859e-6,0.30971280746037366,0.272,0.153,0.12009506144819412,ZoneC,LASC019774
5.5754315299322355e-6,0.2530836455929063,0.332,0.197,0.1279728799065346,ZoneC,selenot1b
5.749438726448142e-6,0.32491749735146946,0.302,0.175,0.1319668670881642,ZoneC,iscw020627
6.221715247878916e-6,0.32679723056969234,0.373,0.241,0.14280703008456477,ZoneC,rpn2
6.654299185849698e-6,0.5461278952122749,0.534,0.402,0.1527361292128081,ZoneC,LASC007830
6.9412100233442505e-6,0.2697655187629236,0.31,0.183,0.15932159366582058,ZoneC,apmap-3
7.045931225297748e-6,0.4483523242372289,0.91,0.858,0.16172525941425922,ZoneC,LASC005175
7.130796204577074e-6,0.2649104370928067,0.291,0.166,0.16367316528365758,ZoneC,cct1
7.4782759781795565e-6,0.5036488457095993,0.776,0.715,0.17164886852715536,ZoneC,eif1
7.675952544178498e-6,0.284774456328192,0.459,0.322,0.17618613874652908,ZoneC,edf1
8.208361334776571e-6,0.42282208532345567,0.735,0.614,0.18840651771712663,ZoneC,abcf2
1.0848968286624551e-5,0.3472487955450273,0.369,0.237,0.24901636908289332,ZoneC,boka
1.1205055392451382e-5,0.27286520691971894,0.257,0.144,0.2571896364229366,ZoneC,agmo
1.2448562123926998e-5,0.2748004118254328,0.265,0.15,0.2857318464304964,ZoneC,slc7a6-2
1.2941967010360382e-5,0.2943253826099251,0.317,0.199,0.29705696878880183,ZoneC,LASC017000
1.3733756079511811e-5,0.3272249687042267,0.459,0.322,0.3152309032930346,ZoneC,txn
1.5246031931701045e-5,0.3948380862642499,0.47,0.356,0.3499421709283341,ZoneC,abca3-abca17
1.6302822657216085e-5,0.35067829407478,0.519,0.383,0.3741986884510808,ZoneC,sorbs1-2
1.6418488115408997e-5,0.40691250509815025,0.384,0.256,0.37685355771298273,ZoneC,MT-000010F-cox3
1.7921130563940126e-5,0.2533333388106511,0.299,0.177,0.4113437098341177,ZoneC,plxna4-2
2.2399038799263993e-5,0.4234529095752597,0.765,0.703,0.5141251375595064,ZoneC,pdi
2.3999173953691778e-5,0.26697226909286603,0.328,0.207,0.5508530397590874,ZoneC,selenof
2.4547941890308346e-5,0.2957210481296683,0.336,0.218,0.5634489102082475,ZoneC,LASC014058
2.660310193403517e-5,0.2617022023478074,0.41,0.274,0.6106209986919092,ZoneC,aldh4a1
2.8966292256453982e-5,0.2838507441484077,0.25,0.142,0.6648633061623883,ZoneC,gnpnat
3.366327914382062e-5,0.34068965671127643,0.388,0.265,0.7726732461881147,ZoneC,srsf7-2
3.66121062528163e-5,0.7658245838310722,0.899,0.907,0.8403576748208925,ZoneC,LASC015047
3.911425090790056e-5,0.47700476203580155,0.761,0.694,0.8977894010890416,ZoneC,ahcy-a
4.30418553165709e-5,0.31642742806274055,0.321,0.2,0.987939705081252,ZoneC,mrps36
4.369143905283853e-5,0.9801100492183354,0.623,0.522,1,ZoneC,hcg
4.481782231214768e-5,0.48252280793849733,0.675,0.598,1,ZoneC,cox6a1
4.5206043301360104e-5,0.3188711212845474,0.34,0.219,1,ZoneC,mt-atp6
4.604912904050929e-5,0.42341266800519217,0.604,0.513,1,ZoneC,dsp1
4.612470089119342e-5,0.5353806702615622,0.601,0.478,1,ZoneC,LASC012800
4.631566703752031e-5,0.2733436087832035,0.41,0.282,1,ZoneC,bcap31
4.7580707582907646e-5,0.30335592673869627,0.537,0.409,1,ZoneC,cfad
4.8451253561854145e-5,0.4224273131111448,0.515,0.412,1,ZoneC,bsg-hmcn1
4.9473382735701997e-5,0.4873623375181665,0.455,0.347,1,ZoneC,hspa5-2
5.392028352490648e-5,0.3165749504352694,0.396,0.276,1,ZoneC,LASC011232
6.282032732976224e-5,0.3776622332794576,0.511,0.391,1,ZoneC,mlf1
6.329511935195529e-5,0.2517225923019171,0.25,0.142,1,ZoneC,sarnp
7.18636504635203e-5,0.5719231671015441,0.41,0.301,1,ZoneC,LASC002067
7.277827792334799e-5,0.2706782480081522,0.332,0.226,1,ZoneC,pcd-pcbd2
8.182667524305251e-5,0.4297430431781182,0.481,0.371,1,ZoneC,anxa11
8.244459748342267e-5,0.6216442952163896,0.69,0.631,1,ZoneC,cp1
8.407373749650406e-5,0.30247841430497696,0.321,0.21,1,ZoneC,slc5a9-slc5a11
9.377581752908263e-5,0.2856293867478113,0.328,0.215,1,ZoneC,spcs2
1.0090219473223909e-4,0.29739139387409586,0.463,0.336,1,ZoneC,slv
1.1973873028262255e-4,0.4932662695825054,0.582,0.524,1,ZoneC,smim14
1.2207318186436883e-4,0.41634761849031954,0.418,0.306,1,ZoneC,LASC016132
1.2386531615156797e-4,0.25086296998634267,0.351,0.232,1,ZoneC,rpt2-2
1.285302746272225e-4,0.25187854087941164,0.321,0.202,1,ZoneC,LASC019157
1.292443312003538e-4,0.4194147052573859,0.224,0.126,1,ZoneC,LASC008057
1.3670976244301218e-4,0.33244764865321297,0.44,0.336,1,ZoneC,pdcd6ip
1.5039013552856792e-4,0.6674535222482298,0.522,0.405,1,ZoneC,cdk9-3
1.5592206370900301e-4,0.3256991330225468,0.437,0.328,1,ZoneC,cct5
1.5797780206861783e-4,0.44811053712819476,0.28,0.18,1,ZoneC,khdc3
1.7387411348373583e-4,0.30804031021194345,0.276,0.174,1,ZoneC,LASC000880
1.771810620757713e-4,0.6541394105003405,0.451,0.342,1,ZoneC,grn-2
2.118585018618171e-4,1.2256596210103128,0.862,0.861,1,ZoneC,LASC008575
2.1794187366541948e-4,0.3149288394997585,0.653,0.56,1,ZoneC,tspan7
2.2757368225716058e-4,0.3928095162570161,0.437,0.317,1,ZoneC,LASC016880
2.3898574819464734e-4,0.28777376554205436,0.414,0.303,1,ZoneC,serpinb6
2.6871502895070196e-4,0.6041376324417138,0.672,0.595,1,ZoneC,phb
2.898182046537447e-4,0.2736627923130963,0.563,0.459,1,ZoneC,LASC015167
2.9818656412701917e-4,0.2693360198204433,0.396,0.285,1,ZoneC,skp1
3.2062023554263464e-4,0.26596590865544256,0.478,0.38,1,ZoneC,tfe3-2
3.208016847799709e-4,0.3101709119822833,0.455,0.342,1,ZoneC,LASC013530
3.2491033972919094e-4,0.3720321720351648,0.485,0.393,1,ZoneC,stom
3.334674116086929e-4,0.26068255777862026,0.459,0.342,1,ZoneC,LASC001028
3.4165510167600297e-4,0.2597137454231203,0.213,0.123,1,ZoneC,LASC001050
3.6990574084566017e-4,0.2513405757524918,0.302,0.203,1,ZoneC,slc25a16
3.7841493472058515e-4,0.4183820443222317,0.586,0.505,1,ZoneC,LASC021418
3.804814352187349e-4,0.3243509198965284,0.608,0.538,1,ZoneC,spase12
3.826271857275495e-4,0.2924778730081787,0.373,0.271,1,ZoneC,efhd2
3.97690470956578e-4,0.3443074799488447,0.519,0.427,1,ZoneC,cox5a
4.0377489961270147e-4,0.9545270017982754,0.582,0.497,1,ZoneC,hcd
4.1584052135636314e-4,0.25009059289881824,0.213,0.126,1,ZoneC,gal3st1
4.163813417956165e-4,0.3132163610357782,0.429,0.336,1,ZoneC,psma6
4.461541082426348e-4,0.5040614004599284,0.832,0.792,1,ZoneC,lrrc47
4.4993126558227084e-4,0.3327145228175526,0.299,0.197,1,ZoneC,hyou1
4.720648059074504e-4,0.26231546273574036,0.179,0.099,1,ZoneC,LASC004874
4.90400630011981e-4,0.31904324978691556,0.507,0.383,1,ZoneC,LASC019982
5.028353889311531e-4,1.0550887480361162,0.701,0.651,1,ZoneC,hce-hcf
5.097054258774443e-4,0.44266389192258804,0.597,0.505,1,ZoneC,LASC010578
5.254272930619009e-4,0.28840882914654653,0.72,0.651,1,ZoneC,csde1
5.416903838509702e-4,0.3756087118925169,0.698,0.607,1,ZoneC,fhl2-esn
5.423885589361464e-4,0.8114203683591992,0.481,0.379,1,ZoneC,LASC010862
5.485978890451065e-4,0.34341696771025054,0.586,0.497,1,ZoneC,LASC003334
5.540825276054712e-4,0.2519215745024769,0.384,0.279,1,ZoneC,arhgdib-arhgdia
5.651111065524396e-4,0.5676305744508534,0.59,0.491,1,ZoneC,LASC011347
6.003568661553643e-4,0.35369256980222097,0.384,0.289,1,ZoneC,scarb1-2
6.006393360929304e-4,0.4270098822868895,0.586,0.514,1,ZoneC,ran
6.37453730789427e-4,0.3641474498105074,0.593,0.511,1,ZoneC,prrc1
6.697738614633393e-4,0.3939770568392226,0.481,0.388,1,ZoneC,exc-4
6.707960306355301e-4,0.4344555404192066,0.28,0.189,1,ZoneC,cg5065-2
7.07782069787203e-4,0.2813588767207514,0.34,0.243,1,ZoneC,cers1
7.402247904675717e-4,0.3467923194611806,0.582,0.483,1,ZoneC,eif3m
7.41408039534296e-4,0.3543602060031723,0.59,0.511,1,ZoneC,mlc-c
7.41844748594424e-4,0.45155226157763906,0.243,0.155,1,ZoneC,sp9
7.429747973700248e-4,0.7939399661709206,0.601,0.511,1,ZoneC,LASC016317
7.582472526661644e-4,0.40958382909484303,0.269,0.185,1,ZoneC,spz-spz5
7.822514915125543e-4,0.2901598246430199,0.25,0.162,1,ZoneC,zfyve28
8.100914788842241e-4,0.31787456982005413,0.261,0.172,1,ZoneC,gpc6-2
8.461652284757454e-4,0.4337847251560949,0.72,0.691,1,ZoneC,vha16
8.524276794372982e-4,0.35395473965355806,0.448,0.344,1,ZoneC,cct6
0.00091804701704895195,0.6618169974409931,0.336,0.244,1,ZoneC,gale-2
9.305379801932685e-4,0.35637304945559545,0.504,0.393,1,ZoneC,LASC007797
9.358008035125268e-4,0.7782068829708186,0.649,0.621,1,ZoneC,iah1
9.3599982816077e-4,0.289231207551951,0.522,0.431,1,ZoneC,cals
9.415807480810002e-4,0.3248469257601583,0.522,0.45,1,ZoneC,cubn-3
0.0010145890548658814,0.3384989516036834,0.616,0.511,1,ZoneC,igf2bp1
0.0010637365320530802,0.26373926265585446,0.201,0.12,1,ZoneC,LASC015845
0.001071083223653601,0.6818517363020548,0.526,0.456,1,ZoneC,me31b
0.0010760224425277317,0.677538053017714,0.433,0.344,1,ZoneC,sirp1
0.0011097294679107037,0.34642440803606983,0.276,0.186,1,ZoneC,LASC015911
0.0011185280447483035,0.29307409875931756,0.209,0.129,1,ZoneC,ecr-3
0.0011371979033629575,0.4233883568579073,0.899,0.901,1,ZoneC,LASC007267
0.001137782037207924,0.2682450482145794,0.433,0.331,1,ZoneC,ube2v2
0.0011443570148278862,0.3461204374535872,0.534,0.427,1,ZoneC,ter94-vcp
0.0011861220878698607,0.45240468591248006,0.522,0.429,1,ZoneC,snrpb-2
0.0011867423237302754,0.26612694169957535,0.265,0.178,1,ZoneC,atad1b
0.001228900589528889,0.5429347794611005,0.459,0.368,1,ZoneC,cg3556-15
0.0012290076629786245,0.26277216355498023,0.47,0.369,1,ZoneC,lamtor2-b
0.0013004416989352836,0.43452159764759424,0.84,0.815,1,ZoneC,cd63
0.001303310119260549,0.30987989174793795,0.556,0.472,1,ZoneC,pm20d2-5
0.0013175902119122035,0.3271387372681478,0.34,0.251,1,ZoneC,zmiz2
0.0013281971808356728,0.26496991618171817,0.403,0.314,1,ZoneC,sdc
0.0014728609702594645,0.40193015427624446,0.511,0.42,1,ZoneC,tpi
0.0016513942098045989,0.30507667713707376,0.448,0.355,1,ZoneC,smo-1
0.0017245813615003045,0.3487439417151543,0.425,0.341,1,ZoneC,slc9a3r1
0.0017299207152863705,0.6444060476637461,0.466,0.379,1,ZoneC,hcc
0.0019479286222971166,0.3176316515237724,0.459,0.385,1,ZoneC,nnmt-v1g200856
0.0019593302082194816,0.645243303255497,0.474,0.397,1,ZoneC,dusp4
0.0020217314221786147,0.937368179272994,0.735,0.699,1,ZoneC,cg3556-14
0.002140264742669698,0.684048407073238,0.466,0.379,1,ZoneC,hcb
0.002197777883757749,0.8905929773910646,0.612,0.563,1,ZoneC,hca
0.0022922232131091843,0.35702002692770946,0.243,0.162,1,ZoneC,LASC013355
0.002424125935573675,0.35797754673513493,0.306,0.226,1,ZoneC,elavl4-elavl2
0.002478721687509007,0.25678186559301186,0.366,0.27,1,ZoneC,sf3a2
0.0024865673706360248,0.3037781412677911,0.384,0.297,1,ZoneC,snrpg
0.0026685922107227726,0.3043715515894323,0.414,0.328,1,ZoneC,tpd52l2
0.0026865370772523344,0.28304506599131785,0.463,0.371,1,ZoneC,ybx1
0.0026932177441373914,0.4221589296965693,0.522,0.457,1,ZoneC,LASC018202
0.00276660753445134,0.2807239874962705,0.493,0.402,1,ZoneC,cdc42-2
0.00286567889470923,0.2523035043455579,0.44,0.358,1,ZoneC,sec23ip
0.002902736200537743,0.3192311970636518,0.414,0.347,1,ZoneC,LASC002299
0.0029361544717167957,0.4006461315336516,0.534,0.465,1,ZoneC,LASC020467
0.0029724598423286775,0.5605625674987574,0.306,0.23,1,ZoneC,LASC006111
0.00298712984888379,0.32255968701597704,0.504,0.442,1,ZoneC,vha26
0.0030315208083287913,0.2519129370323545,0.638,0.562,1,ZoneC,LASC021266
0.0031085272664900998,0.7043702117359822,0.515,0.443,1,ZoneC,LASC015205
0.0031790182836368996,0.342297016531965,0.593,0.527,1,ZoneC,ndufa4
0.0031935305450214767,0.37427823336541877,0.354,0.276,1,ZoneC,best3-4
0.003475864553615624,0.3077538846577582,0.53,0.445,1,ZoneC,stk39
0.003663884283982725,0.34095778694678325,0.631,0.577,1,ZoneC,lamp1-2
0.0037138004563028125,0.30669854740847685,0.246,0.17,1,ZoneC,ninj2
0.003727005330588839,0.9867336600368442,0.608,0.562,1,ZoneC,LASC018857
0.0038796983716404554,0.26536427335547996,0.631,0.56,1,ZoneC,sar1b
0.0038956264656332647,0.9494924436419105,0.731,0.702,1,ZoneC,magel2-2
0.004095886803724732,0.4267363942368668,0.347,0.263,1,ZoneC,bol
0.004135319563381649,0.3008543034733928,0.604,0.528,1,ZoneC,LASC005081
0.004224758859467998,0.422070877266447,0.608,0.544,1,ZoneC,fkbp12
0.004245940136224607,0.2632807520578222,0.571,0.502,1,ZoneC,tbl2
0.004305280447401922,0.25763873269506143,0.187,0.118,1,ZoneC,LASC021014
0.004446157745238134,0.31717584170492175,0.687,0.658,1,ZoneC,tmbim6
0.005250351728751495,0.5713322637570232,0.41,0.333,1,ZoneC,glrx5-grxs11
0.005293139973853385,0.25771664102740527,0.306,0.233,1,ZoneC,commd3
0.005557325010162553,0.25000628331606933,0.194,0.129,1,ZoneC,LASC006190
0.00556173400931041,0.45724001265547864,0.347,0.271,1,ZoneC,LASC013734
0.005573404609926374,0.2533617948018594,0.22,0.15,1,ZoneC,LASC007794
0.005688743877092493,0.28047683429152237,0.425,0.341,1,ZoneC,LASC019967
0.005738731285324562,0.300352794245203,0.325,0.251,1,ZoneC,snrpb
0.005767595222517468,0.3127040384128056,0.444,0.374,1,ZoneC,vha55
0.005866267675080733,0.37431408607335415,0.373,0.293,1,ZoneC,cct4
0.005955148298685052,0.30416462246952214,0.396,0.314,1,ZoneC,psmb2
0.006327695601932881,0.3653175232144391,0.384,0.314,1,ZoneC,LASC005335
0.006385624388566242,0.6456900494931229,0.466,0.39,1,ZoneC,sdr16c6-3
0.0065825883233799985,0.30476429126578286,0.354,0.273,1,ZoneC,lsm14b
0.006599209444319224,0.2924194359115695,0.22,0.153,1,ZoneC,LASC019602
0.006749035385680827,0.7385376594836438,0.41,0.339,1,ZoneC,LASC005076
0.006943742692841909,0.49024297939224526,0.463,0.402,1,ZoneC,klf15
0.007043265760224933,0.2700677838213972,0.72,0.645,1,ZoneC,vdac2
0.007175291167022455,0.43997185555855833,0.287,0.216,1,ZoneC,tspear
0.0073481837891452,0.2574435133309081,0.377,0.289,1,ZoneC,LASC005082
0.007360086790894869,0.3334639889847062,0.556,0.481,1,ZoneC,cacybp
0.0074693543186884,0.29746545229360244,0.608,0.543,1,ZoneC,hspa4l-2
0.007525450549489375,0.40997728541970146,0.571,0.506,1,ZoneC,LASC007795
0.00852591853155589,0.5748251787685057,0.366,0.29,1,ZoneC,btbd3-btbd6
0.008666835575521307,0.26502509777023847,0.257,0.186,1,ZoneC,cpij004698
0.008691684838390144,0.3783158413262169,0.825,0.86,1,ZoneC,avr2
0.008836760933301251,0.524676131769826,0.485,0.413,1,ZoneC,igf2bp1-2
0.008902912345807286,0.7357212144096925,0.541,0.478,1,ZoneC,dhrs11-13
0.009006091753340753,0.31838090889760545,0.25,0.18,1,ZoneC,LASC014068
0.009195125965087298,0.3120575529548395,0.265,0.194,1,ZoneC,snr-5
0.009237383044412118,0.6560484423271199,0.437,0.368,1,ZoneC,LASC002139
0.009366743665093083,0.25353564722814975,0.198,0.131,1,ZoneC,mel-26-4
0.009519623203676655,0.2799786397627624,0.422,0.342,1,ZoneC,psmb7-2
0.009588433665817925,0.6605894576849647,0.403,0.342,1,ZoneC,awa1
0.009664346037461463,0.5928110374313913,0.522,0.453,1,ZoneC,LASC011497
0.009767419934377226,0.2640711230900693,0.299,0.227,1,ZoneC,upk1b-tspan36
0.009959190542053319,0.4860412745327687,0.877,0.888,1,ZoneC,larp6
7.5775521173131595e-56,1.742079679379096,0.667,0.125,1.7392755374868895e-51,ZoneA,MaSp1a
3.891856781877445e-47,1.844250838536984,0.709,0.264,8.9329788714433e-43,ZoneA,LASC016455
7.325604422948481e-37,2.1263088148157423,0.946,0.778,1.6814459831993648e-32,ZoneA,MaSp2c
4.029645345926199e-30,0.8104867549405506,0.44,0.076,9.249244962504405e-26,ZoneA,MaSp1b
8.172574319885728e-29,2.0627384019388,0.974,0.9,1.8758509836433713e-24,ZoneA,MaSp2f
2.401797542981653e-27,2.0975107845358063,0.841,0.581,5.512845900405788e-23,ZoneA,MaSp2e
7.802280781105065e-21,1.4110984786211522,0.703,0.483,1.7908575076870457e-16,ZoneA,hn
5.282121083890972e-16,1.183941525762052,0.745,0.553,1.2124052523854948e-11,ZoneA,LASC011995
8.383714580507657e-15,0.658984063615634,0.325,0.103,1.9243140076639225e-10,ZoneA,LASC004266
6.073519993797107e-14,1.1742676726076176,0.639,0.435,1.39405504417625e-9,ZoneA,LASC009844
3.359768917058157e-13,0.48458095705416987,0.372,0.149,7.711677595323587e-9,ZoneA,LASC021758
3.8297307625886846e-13,0.8994716634147162,0.899,0.809,8.790381019369807e-9,ZoneA,LASC009843
5.74645345116551e-13,0.65768858982116285,0.714,0.526,1.3189834606460194e-8,ZoneA,ivns1abp
6.164166922442809e-13,0.30813857779443016,0.197,0.027,1.4148612337082979e-8,ZoneA,LASC016452
7.167489562885572e-13,0.4924135525516404,0.3,0.097,1.645153879369125e-8,ZoneA,slc1a2-2
5.463512878893905e-12,0.7036957124220271,0.729,0.578,1.254040111092518e-7,ZoneA,pycr2-rnf170-pycr1
1.1488709663214983e-11,0.5789569632263049,0.503,0.286,2.637003528997735e-7,ZoneA,aldh18a1
1.9006449513583333e-11,0.5290357323047019,0.398,0.195,4.3625503568527825e-7,ZoneA,cobll1-2
3.300941420549724e-11,0.6255949902012291,0.583,0.374,7.576650842587781e-7,ZoneA,LASC019923
3.437931482955881e-11,0.3284015034177332,0.316,0.122,7.891084132828633e-7,ZoneA,plcb1
3.930200182899572e-11,0.47198554881438004,0.508,0.295,9.020988479809388e-7,ZoneA,tspan11-4
4.124638741599932e-11,0.6241337169280512,0.859,0.745,9.467283303594324e-7,ZoneA,LASC015735
5.141487013174881e-11,0.74292288211553,0.728,0.535,1.1801255141340304e-6,ZoneA,mthfd2
5.283498069064951e-11,0.5653056859090937,0.733,0.571,1.212721311792478e-6,ZoneA,slc5a8-cg32669-4
1.1612407999471655e-10,2.469316897416755,0.614,0.462,2.665396008118729e-6,ZoneA,MaSp2a
2.3907853397125197e-10,0.6909792759656019,0.894,0.775,5.487569590242146e-6,ZoneA,LASC014969
7.537693996478282e-10,0.5985586777573959,0.74,0.584,1.73012690301166e-5,ZoneA,LASC015442
8.573702318894668e-10,0.6782981974335667,0.86,0.745,1.9679218932558933e-5,ZoneA,abhd14a
1.0935699615698672e-9,0.7542238834557762,0.888,0.784,2.510071132791316e-5,ZoneA,lman2l
4.401675017738441e-9,0.621836470260972,0.702,0.574,1.0103164668215043e-4,ZoneA,gdf-8
1.930699152432567e-8,1.4913107239099976,0.579,0.413,4.431533764578471e-4,ZoneA,MaSp2b
4.301620619796907e-8,0.26935780401299,0.197,0.064,9.87350980861984e-4,ZoneA,MaSp1c
4.5986097596697634e-8,0.4240463889600724,0.475,0.295,0.0010555188981370008,ZoneA,gas2
8.510060985279425e-8,0.26587315193197447,0.239,0.094,0.0019533142979511866,ZoneA,LASC009842
1.2005620923174445e-7,0.3498945779123527,0.455,0.289,0.00275565017049623,ZoneA,oat
1.7784739726054194e-7,0.9947326530898384,0.241,0.103,0.004082131309321219,ZoneA,FlSpa
2.271332058594896e-6,1.1827167386713773,0.4,0.252,0.05213388474092865,ZoneA,FlSpb
4.815595080980667e-6,0.38299858607426773,0.489,0.343,0.11053235389374924,ZoneA,mrps16
2.8153142723336153e-5,0.3869005964531239,0.572,0.456,0.6461990849287347,ZoneA,LASC017036
5.0207008074836036e-5,0.27093707821510216,0.318,0.201,1,ZoneA,nde1
5.4387293322103585e-5,0.7759592791669421,0.248,0.14,1,ZoneA,FlSpc
5.733270546367625e-5,0.33604479290913747,0.154,0.061,1,ZoneA,LASC018762
9.82873023447844e-5,0.303863821189863,0.801,0.693,1,ZoneA,rpl27a
1.0340260756463957e-4,0.3556501895547657,0.719,0.635,1,ZoneA,gcat
1.1012939287415826e-4,0.4513933154286325,0.796,0.72,1,ZoneA,idh2
1.17835304215183e-4,0.3678086260600306,0.651,0.562,1,ZoneA,LASC015194
1.381096096391454e-4,0.2908401968312018,0.318,0.21,1,ZoneA,slc7a6-slc7a8
1.4995314211309444e-4,0.3189802602083972,0.471,0.359,1,ZoneA,cdo1
1.8443273826766044e-4,0.2995193530387804,0.361,0.258,1,ZoneA,syt15
2.605671237895346e-4,0.39790585474716633,0.7,0.605,1,ZoneA,rps29
3.2928881445635447e-4,0.28620682723251867,0.307,0.204,1,ZoneA,miox
3.424525394858636e-4,0.35297796401644455,0.66,0.565,1,ZoneA,ell2-2
4.224031332958964e-4,0.33787544903482036,0.637,0.547,1,ZoneA,serf2
5.752906878886365e-4,0.5198751305704103,0.955,0.924,1,ZoneA,hdlbp-2
0.0015081931478940125,0.3209876001006179,0.538,0.45,1,ZoneA,LASC006288
0.0029094302327038212,0.25879796796631305,0.682,0.596,1,ZoneA,LASC013613
0.0031059068715110568,0.32321706126320726,0.663,0.596,1,ZoneA,dhrs11-8
0.004877671790516766,0.35943291184232473,0.7,0.657,1,ZoneA,LASC011384
0.006412264228506453,0.28416467269327805,0.825,0.769,1,ZoneA,tram1l1
0.006504377203316476,0.34830394770007667,0.906,0.86,1,ZoneA,phgdh
0.007635652765375302,0.29017652533783345,0.958,0.945,1,ZoneA,ef2
0.008408387665123133,0.2665040025941834,0.864,0.821,1,ZoneA,rsf1-3
0.009722248295295336,0.31331318980925094,0.784,0.72,1,ZoneA,LASC007034
1.397274625592004e-84,1.8083611514901927,0.656,0.023,3.207164448121327e-80,ZoneB,tnxb-7
2.5213874918551894e-77,1.2464851687317473,0.574,0.017,5.787340710055217e-73,ZoneB,MaSp3a
4.5507107730222034e-51,5.857790022579282,0.951,0.233,1.0445246437317863e-46,ZoneB,MaSp3b
4.06680144143654e-34,1.930098282079203,0.754,0.168,9.33452934852929e-30,ZoneB,Spidroin3
2.0092373656116737e-29,2.8662789620373155,0.852,0.322,4.611802525288475e-25,ZoneB,beta-3
1.162442630683482e-23,1.0212623261480345,0.475,0.081,2.6681545702077965e-19,ZoneB,LASC008293
3.30119504223498e-23,0.34270641699130716,0.197,0.008,7.57723298044195e-19,ZoneB,LASC010012
2.4815772116820096e-21,3.059008847379652,0.918,0.598,5.695964173973717e-17,ZoneB,sp-1339#prd34368.1-4
3.3428635111958524e-20,0.9336164925849292,0.508,0.112,7.67287461724784e-16,ZoneB,Spidroin1
4.052154307677107e-19,0.8871042667114712,0.525,0.121,9.300909782411265e-15,ZoneB,zan
5.807835804983757e-19,2.4209118369882576,0.934,0.56,1.3330725523179219e-14,ZoneB,LASC005273
6.667258193701077e-15,0.5090001679867509,0.344,0.064,1.5303357732002083e-10,ZoneB,cnga2
9.34247919205337e-15,0.5184381119973565,0.377,0.077,2.14437924895201e-10,ZoneB,cg3556
1.0769214151707911e-14,1.3446520613062767,0.721,0.297,2.4718577242415166e-10,ZoneB,LASC009784
1.1469240246890104e-14,1.4978630487116487,0.787,0.375,2.6325347138686854e-10,ZoneB,LASC016881
3.63868542304419e-14,0.8948803659636222,0.623,0.231,8.351874651513329e-10,ZoneB,cg31145-4
4.0810219176860864e-14,1.0354350181684682,0.557,0.181,9.367169607664874e-10,ZoneB,LASC008811
4.719665208072153e-14,1.4512081625349635,0.754,0.364,1.0833047552088012e-9,ZoneB,btd
6.583359860354726e-14,0.8858481107410456,0.656,0.254,1.5110785887472203e-9,ZoneB,fgfrl1-5
1.9660388129949355e-13,1.1917235267587545,0.754,0.339,4.512648887467275e-9,ZoneB,cyp4v2-15
3.772964169013553e-12,0.9033915146753776,0.59,0.228,8.660084657136808e-8,ZoneB,LASC012306
6.7619462365870985e-12,1.8000338059335632,0.82,0.433,1.5520695196838368e-7,ZoneB,LASC011824
8.19238528849535e-12,1.2810627101253633,0.918,0.716,1.8803981952683375e-7,ZoneB,xync
9.127144675444678e-11,0.3785993932296142,0.311,0.071,2.094953517354817e-6,ZoneB,LASC020895
1.5268726335062916e-10,1.2759679349224766,0.836,0.608,3.5046307556869913e-6,ZoneB,LASC018721
1.5837381647396322e-10,0.9244994412943859,0.574,0.239,3.635154209526878e-6,ZoneB,LASC008663
1.790366133692671e-10,0.978870559700729,0.656,0.306,4.109427386664788e-6,ZoneB,acpp
2.1573799066488978e-10,1.6042298373977601,0.869,0.647,4.9518340997312155e-6,ZoneB,LASC007798
2.623593778481744e-10,0.7852246526922579,0.426,0.138,6.021934799749147e-6,ZoneB,LASC008294
2.794481832567377e-10,1.9669910302965339,0.885,0.738,6.4141741502919e-6,ZoneB,AgSp2b
2.8765795725306365e-10,0.716671983280477,0.525,0.199,6.60261309282957e-6,ZoneB,acan-2
3.727892117003847e-10,0.4067130294385282,0.246,0.049,8.55663077615893e-6,ZoneB,qpct
4.32037412547206e-10,0.6977618114419186,0.443,0.151,9.91655473019602e-6,ZoneB,LASC013802
5.442399605217179e-10,1.4325609640798698,0.787,0.536,1.2491939813854992e-5,ZoneB,ctsb-2
7.39734797565674e-10,1.132538065999534,0.574,0.257,1.6979132808524914e-5,ZoneB,jhamt-9
7.447613022556874e-10,1.6382536363435916,0.803,0.579,1.7094506170674794e-5,ZoneB,AgSp1
8.95940530602751e-10,0.6408965250431038,0.607,0.258,2.0564522998924945e-5,ZoneB,LASC011225
9.866482834722752e-10,1.2103158166350245,0.672,0.4,2.2646538050539134e-5,ZoneB,LASC007790
1.2671057430423348e-9,1.2102399631666776,0.689,0.344,2.908387812005071e-5,ZoneB,pf14-infb-ppe21
1.3938562462961855e-9,0.7789329068245341,0.492,0.202,3.1993182421236344e-5,ZoneB,acsl1-2
1.4336294602888397e-9,0.990311709316772,0.607,0.314,3.2906097002009736e-5,ZoneB,aldh1a2-2
1.4396380558637791e-9,0.36462567974871374,0.361,0.101,3.304401229624132e-5,ZoneB,cyp3a5-cyp3a21-cyp3a11
1.5556991708835612e-9,1.8605797714775916,0.803,0.591,3.570796306929038e-5,ZoneB,LASC018800
1.8199250112274196e-9,1.7970471215614703,0.869,0.738,4.177273878270296e-5,ZoneB,LASC001437
2.210131561235089e-9,0.6479966890693931,0.475,0.18,5.0729149725029e-5,ZoneB,peamt
3.5008568674056015e-9,0.6235436453448542,0.459,0.176,8.035516767756077e-5,ZoneB,svop-3
4.6024261587855074e-9,0.8252878227221052,0.656,0.327,1.0563948762260375e-4,ZoneB,a2m-a2ml1
4.690557913418068e-9,0.6870254267041578,0.492,0.197,1.0766237578668492e-4,ZoneB,LASC013072
8.240207348403509e-9,1.9750461202275318,0.852,0.68,1.8913747926790575e-4,ZoneB,LASC013608
1.075694981507349e-8,1.0358095716925577,0.607,0.323,2.469042691053818e-4,ZoneB,LASC000340
1.171637834356101e-8,0.49378183167271,0.492,0.195,2.6892603211975586e-4,ZoneB,pzp
1.2352323352646134e-8,1.0912641147865032,0.59,0.31,2.8352287791328675e-4,ZoneB,LASC013801
1.2465062591929412e-8,0.664209251730892,0.426,0.161,2.861105816725558e-4,ZoneB,LASC009143
1.4591696551149833e-8,0.44702816866014694,0.393,0.133,3.349232109385421e-4,ZoneB,LASC007109
1.7373892126743564e-8,2.1128270716728954,0.787,0.611,3.98782945985145e-4,ZoneB,lrrn3
2.000593882321891e-8,1.2394431793401677,0.787,0.464,4.591963138093437e-4,ZoneB,LASC008305
2.0323939024510547e-8,1.2707649037424977,0.705,0.422,4.6649537242959057e-4,ZoneB,grn-8
2.5236025408878083e-8,0.2827243121630746,0.279,0.071,5.792424912099786e-4,ZoneB,LASC011565
6.137971503663772e-8,0.7488012444423842,0.705,0.409,0.0014088485992359455,ZoneB,grn-6
1.241230560844314e-7,1.9172819543190878,0.984,0.929,0.0028489965063059537,ZoneB,ppn-2
1.3803948963733513e-7,0.6402763167811583,0.459,0.199,0.003168420405645753,ZoneB,LASC013070
1.6406138632503613e-7,0.6556119145617886,0.475,0.212,0.0037657010003185544,ZoneB,hebp2
1.7695181710343438e-7,0.4139688454413271,0.328,0.109,0.0040615750579751295,ZoneB,abcc3
2.144692911864228e-7,0.8307074224862663,0.443,0.181,0.0049227136406019625,ZoneB,LASC001436
3.064442239052123e-7,1.1106066573325162,0.902,0.919,0.007033814271296338,ZoneB,LASC010830
3.3763082044344927e-7,0.5536227546951212,0.59,0.278,0.007749640221638491,ZoneB,LASC020819
4.596316700021118e-7,0.5548185477238556,0.393,0.152,0.010549925721558471,ZoneB,abhd11-20
4.83869280435021e-7,0.4465119735093318,0.311,0.105,0.011106251593825037,ZoneB,LASC002796
5.300103159700453e-7,0.6167576554578068,0.344,0.122,0.01216532678246045,ZoneB,LASC013405
5.449909330748901e-7,0.7438838573113586,0.639,0.363,0.012509176886867953,ZoneB,LASC005177
5.471799273734245e-7,1.7403471605741685,0.77,0.615,0.012559420873002212,ZoneB,sod3
5.716119861842133e-7,0.5990733368353622,0.689,0.409,0.013120209918886247,ZoneB,tpo-pxt
7.604968109939888e-7,1.9170583288955658,0.934,0.883,0.017455683302745023,ZoneB,LASC012206
7.964399624057938e-7,1.7322333801783927,0.852,0.7,0.018280686457100185,ZoneB,LASC009362
8.056980379703663e-7,1.3967210830283796,0.754,0.606,0.018493187065533816,ZoneB,mat1a
8.681006756430159e-7,2.0593996161312518,0.574,0.335,0.01992551480803414,ZoneB,LASC016867
1.0047440981156943e-6,0.7864863012561691,0.459,0.229,0.02306189128404953,ZoneB,LASC015022
1.017597027944357e-6,0.6222860815660527,0.41,0.182,0.023356904582406825,ZoneB,tat-2
1.0768786528834127e-6,0.627350873217296,0.77,0.529,0.02471759571963297,ZoneB,epb41l3-2
1.1415877072174045e-6,1.5103067341046383,0.902,0.831,0.026202862643761086,ZoneB,plin2
1.3630414318438167e-6,1.451859090981384,0.77,0.541,0.03128588998511112,ZoneB,LASC022638
1.4611407667667905e-6,0.35195462101170294,0.262,0.081,0.03353756401959814,ZoneB,lrp1-cblif
1.5050953351472483e-6,0.36014453884573766,0.262,0.081,0.03454645322763479,ZoneB,cpm-2
1.6877094623975822e-6,1.9296197092246534,0.902,0.776,0.038737995290411706,ZoneB,LASC016866
1.7303670595340755e-6,0.479267514716679,0.426,0.184,0.03971711511748564,ZoneB,sult1c2-6
1.8238317312538734e-6,0.8108836078637248,0.508,0.265,0.04186240972747016,ZoneB,LASC004546
1.8533654852063865e-6,0.7170936530066714,0.459,0.229,0.04254029798194219,ZoneB,tgfbi-2
2.041972372681787e-6,0.6445197901649392,0.492,0.252,0.046869391870165054,ZoneB,sowahc
2.060953858062119e-6,1.037203870017056,0.639,0.403,0.04730507390409981,ZoneB,LASC012458
2.260431066519499e-6,0.4053264891675657,0.41,0.169,0.051883674269822065,ZoneB,fhab-prg4
2.282961431024072e-6,1.0642413570679072,0.738,0.571,0.05240081372629553,ZoneB,chit1-3
2.396277736597834e-6,0.2662597107453418,0.279,0.089,0.055001762888130086,ZoneB,cyp2g1
2.4701923538425574e-6,0.3435860041818145,0.311,0.108,0.05669832509774822,ZoneB,LASC008291
2.7447634377417804e-6,0.5736460300511039,0.377,0.161,0.06300055518648709,ZoneB,cg3556-2
2.789557050942343e-6,0.33508080244730676,0.279,0.094,0.0640287029902796,ZoneB,LASC016155
2.8715165467515033e-6,0.722784077916351,0.41,0.193,0.06590991929758726,ZoneB,LASC020968
2.914970518417182e-6,0.6243589905374117,0.541,0.278,0.06690731830922958,ZoneB,serpinb8-3
3.0315281665134138e-6,0.40071903607824755,0.377,0.157,0.06958266600598238,ZoneB,slc41a1
3.0861920611382486e-6,0.7372901756285559,0.738,0.522,0.07083736637930622,ZoneB,hsd17b12
3.110784485454716e-6,0.7539737187078184,0.459,0.22,0.0714018362946421,ZoneB,LASC005384
3.115179345493776e-6,0.322710351170773,0.279,0.093,0.07150271151711864,ZoneB,LASC000159
3.2088208751002304e-6,0.666540936004674,0.377,0.161,0.0736520655461756,ZoneB,ywrd-3
3.2725501600304316e-6,0.4803700711638373,0.361,0.15,0.0751148438231785,ZoneB,naga-3
3.7268954816233547e-6,1.1195011400072654,0.574,0.366,0.08554343198970087,ZoneB,bpac
4.135342113948067e-6,1.5585596861574338,0.738,0.587,0.09491850754144998,ZoneB,LASC012210
4.253186095157828e-6,1.595449975910741,0.836,0.754,0.09762338044215763,ZoneB,LASC013605
4.5481014308488685e-6,0.2795846046325072,0.262,0.084,0.10439257214227408,ZoneB,LASC004681
5.252581848529558e-6,0.7364360887515804,0.508,0.284,0.12056251116929895,ZoneB,mfsd4b-4
5.947129738482293e-6,0.5314680604464749,0.426,0.202,0.13650446888738407,ZoneB,apod
6.662258423396182e-6,0.5294634817706416,0.443,0.213,0.15291881759221257,ZoneB,acp2-4
6.963324468109382e-6,0.25434966753339927,0.197,0.054,0.15982918651651465,ZoneB,LASC007332
7.3640242790658354e-6,0.3542775731881089,0.344,0.136,0.16902644927739813,ZoneB,LASC005917
7.423343011526218e-6,0.42224148954212515,0.328,0.126,0.1703879921435613,ZoneB,acpp-pho-5-2
8.26719439925617e-6,0.5703922226686549,0.459,0.235,0.18975691304612688,ZoneB,c3
8.268389933878048e-6,0.31761910260926063,0.18,0.048,0.18978435415230283,ZoneB,ada
8.881681814310955e-6,0.3112934643598455,0.361,0.146,0.20386124268387934,ZoneB,megf6-scube1
9.129470380582582e-6,1.0718716157480024,0.574,0.367,0.209548733645512,ZoneB,LASC018657
9.160936086655474e-6,0.3001159150483601,0.23,0.071,0.2102709659970031,ZoneB,dhrs7
9.39035070953215e-6,0.3626186078357253,0.443,0.207,0.21553671983589143,ZoneB,slc12a9
9.481535444058256e-6,1.1551395826901336,0.639,0.413,0.21762968304746913,ZoneB,LASC022640
1.020655985594565e-5,0.33022074609576957,0.328,0.13,0.2342711683735205,ZoneB,LASC000158
1.0290666329825375e-5,0.3084109558267243,0.377,0.158,0.23620166426848183,ZoneB,galm
1.1779161810145358e-5,0.2827243121630746,0.213,0.063,0.2703671010282664,ZoneB,Spice-4
1.4153385150881077e-5,1.3134211093859913,0.918,0.843,0.3248626493681734,ZoneB,azin2-odc1
1.4186017551555166e-5,0.35698765565855506,0.23,0.075,0.3256116608608457,ZoneB,LASC020950
1.4434329899275474e-5,0.4711160622641949,0.426,0.201,0.33131117417806993,ZoneB,cart-4
1.4484330936760313e-5,0.4145812727718677,0.377,0.169,0.33245884799145947,ZoneB,mmp16-3
1.5357892914347383e-5,0.4220083493142638,0.295,0.114,0.35250971606301545,ZoneB,sli-2
1.5427098121738392e-5,1.3180986422649599,0.557,0.328,0.3540981831882613,ZoneB,LASC020961
1.5583057171033254e-5,0.41789942253612755,0.525,0.277,0.35767791124672627,ZoneB,MT-000010F-cox3
1.603728699391331e-5,0.4552400029338374,0.525,0.285,0.36810384837129223,ZoneB,zadh2-2
1.7724545740183047e-5,1.0478882334267505,0.754,0.587,0.40683149837442145,ZoneB,LASC015189
1.8271081446928647e-5,0.42518118523334625,0.475,0.225,0.41937613245135325,ZoneB,slc13a5
1.8562280103565874e-5,0.42092160608309426,0.41,0.188,0.4260600152171475,ZoneB,phm
1.8943162600407037e-5,0.43143545884975937,0.393,0.182,0.43480241116714274,ZoneB,cfb-2
1.9048141400487796e-5,1.3610756241920507,0.59,0.373,0.43721198956539636,ZoneB,LASC013604
2.0113685312158667e-5,0.8728707747712616,0.656,0.455,0.4616694189699779,ZoneB,aael006169-2
2.025812562916511e-5,0.45759419844071214,0.361,0.162,0.46498475756622676,ZoneB,kcnk6
2.1553549480468096e-5,1.4048009084947513,0.689,0.629,0.49471862122518423,ZoneB,LASC006929
2.2672553536696296e-5,0.3411246878109513,0.262,0.093,0.5204031213277901,ZoneB,hal
2.296475078617527e-5,0.7647605501325424,0.557,0.36,0.527109924795081,ZoneB,LASC012795
2.533556763380536e-5,0.354391994308446,0.262,0.096,0.5815272838987344,ZoneB,LASC015188
2.7547891086801317e-5,0.457170455008054,0.557,0.328,0.6323067441153506,ZoneB,LASC015193
2.946427265137785e-5,0.3870722571834072,0.344,0.149,0.6762934501670758,ZoneB,actbeta
3.0408390353522822e-5,0.28115360428784797,0.23,0.076,0.6979637837844094,ZoneB,siam614-5
3.195488329974296e-5,0.32731888828592093,0.279,0.107,0.7334604363790002,ZoneB,LASC001317
3.290201717905134e-5,0.6562880627007843,0.344,0.168,0.7552000003107654,ZoneB,slit2-2
3.40429730630787e-5,0.42170972093185016,0.426,0.213,0.7813883607168454,ZoneB,atic
3.416653076496391e-5,0.9480198028880937,0.623,0.448,0.7842243806482166,ZoneB,LASC001961
3.5733380284116797e-5,1.4958587656384266,0.738,0.614,0.8201882776613328,ZoneB,LASC020966
3.5983180901585084e-5,0.45910064101041664,0.361,0.169,0.8259219512340824,ZoneB,LASC008965
3.9863195458285754e-5,0.31973382716049836,0.426,0.203,0.9149799253540329,ZoneB,LASC011984
4.1048979011149585e-5,0.3018721537598747,0.311,0.127,0.9421972152429164,ZoneB,LASC001967
4.256914110736698e-5,0.6359986439177817,0.311,0.133,0.9770894958373942,ZoneB,LASC013411
4.7074111324969e-5,1.082218317541027,0.574,0.344,1,ZoneB,LASC016868
4.828667689417827e-5,1.6418943047946426,0.967,0.99,1,ZoneB,LASC009364
4.8542752594812225e-5,0.7252724932750769,0.672,0.484,1,ZoneB,cpt1a-2
5.1963414632024194e-5,0.25638223830300233,0.295,0.114,1,ZoneB,vat1l-2
5.281104104825894e-5,1.127569801047962,0.754,0.585,1,ZoneB,LASC013602
5.559135559310719e-5,0.5645672827265573,0.672,0.471,1,ZoneB,LASC015165
5.639931258566645e-5,0.4289764846210193,0.393,0.193,1,ZoneB,cpb1-cpa1
5.7855941835907795e-5,0.350338532302118,0.377,0.174,1,ZoneB,pnliprp2-3
6.024922655219029e-5,0.36188033429287314,0.328,0.141,1,ZoneB,chadl-3
6.22207113073429e-5,1.0043252023844196,0.557,0.398,1,ZoneB,LASC018656
6.359438613322267e-5,1.0680125386754002,0.885,0.848,1,ZoneB,tg-3
6.513971462323238e-5,0.4287393357685272,0.344,0.162,1,ZoneB,LASC016583
6.594399254579699e-5,0.31062259941360737,0.279,0.112,1,ZoneB,faah2-13
6.790538645448279e-5,0.9181132123617111,0.623,0.417,1,ZoneB,LASC011993
7.154157201158694e-5,0.5915149860598949,0.443,0.247,1,ZoneB,LASC020516
7.495264189901125e-5,0.28472250505991775,0.279,0.111,1,ZoneB,LASC006201
7.529455099957907e-5,0.6650386251603955,0.574,0.35,1,ZoneB,LASC020959
7.625066422836449e-5,1.3442667775435675,0.852,0.803,1,ZoneB,LASC020958
7.805874251635095e-5,0.3100772463934085,0.23,0.082,1,ZoneB,LASC020952
8.516383009088073e-5,0.2929853443295208,0.246,0.092,1,ZoneB,LASC002511
8.661500043455328e-5,1.0103545080238971,0.885,0.873,1,ZoneB,LASC005175
8.67502898600477e-5,0.5935599995520451,0.557,0.35,1,ZoneB,LASC015767
9.359989690058987e-5,1.151266923983771,0.787,0.661,1,ZoneB,LASC005500
1.0007426935773054e-4,0.8362866218752523,0.689,0.564,1,ZoneB,LASC020464
1.0364756751258485e-4,0.47242344345098136,0.41,0.219,1,ZoneB,clca3a1-2
1.1060745957575033e-4,0.5182905896248278,0.705,0.482,1,ZoneB,cpib
1.1076157268468728e-4,0.5038692668927115,0.443,0.239,1,ZoneB,tnxb-9
1.1209120370420957e-4,0.2616626966352451,0.262,0.102,1,ZoneB,shmt1
1.1970185518338777e-4,0.2801392997515477,0.23,0.084,1,ZoneB,pxt-5
1.200974711228249e-4,0.3812254248658621,0.525,0.298,1,ZoneB,LASC018306
1.2342844880995903e-4,0.3433870940696988,0.311,0.139,1,ZoneB,tdpoz4-15
1.3382307784183818e-4,0.6064214999034929,0.492,0.316,1,ZoneB,pnlip-8
1.3838291082415025e-4,0.5224269288442116,0.475,0.281,1,ZoneB,LASC015261
1.485488089874456e-4,0.3244131247762645,0.393,0.196,1,ZoneB,LASC015778
1.5248314991522566e-4,0.4185786375156947,0.393,0.205,1,ZoneB,LASC004040
1.5271578946621665e-4,0.3137830163855436,0.279,0.118,1,ZoneB,nadk
1.680656666696896e-4,0.4320358096018585,0.393,0.207,1,ZoneB,npl
1.6915858747118542e-4,0.7205428112772823,0.607,0.424,1,ZoneB,apod-2
1.8992679243377947e-4,0.381389997723562,0.377,0.187,1,ZoneB,timp
1.9111631683388017e-4,0.3670812425455925,0.23,0.09,1,ZoneB,ctsl-ctss-cpl-1-ctsv
1.9657965448096102e-4,0.26723141889879315,0.197,0.069,1,ZoneB,rhoa-2
1.9965272048421952e-4,0.3043513118088504,0.246,0.098,1,ZoneB,picot-8
2.0223159466577963e-4,0.30067635698581663,0.295,0.13,1,ZoneB,litaf
2.0255151659442073e-4,1.4169843858161846,0.869,0.842,1,ZoneB,LASC002459
2.1204460149188982e-4,0.36030256448157016,0.393,0.193,1,ZoneB,acsl1-4
2.1559671552871232e-4,1.0027896281909143,0.607,0.429,1,ZoneB,LASC007288
2.260767487263029e-4,0.9511064993191967,0.508,0.316,1,ZoneB,jockey\pol
2.4590842819202045e-4,0.2817143750963581,0.557,0.338,1,ZoneB,LASC016880
2.858902637455264e-4,0.2822131713106458,0.246,0.1,1,ZoneB,plg
3.1107323847589857e-4,1.504348934098277,0.705,0.677,1,ZoneB,LASC009347
3.3255937146541725e-4,0.5511693138302298,0.443,0.272,1,ZoneB,LASC002789
3.3618793564287904e-4,0.2631569433155755,0.262,0.109,1,ZoneB,slc18b1-3
3.4862758677668844e-4,0.5801102227876456,0.508,0.332,1,ZoneB,plin1
3.4947708020622063e-4,0.3073784143564624,0.311,0.145,1,ZoneB,fasn-13
3.51822105326344e-4,0.8203664588125151,0.475,0.3,1,ZoneB,LASC012205
3.561208756406293e-4,0.2903214600026331,0.246,0.101,1,ZoneB,LASC017599
3.656431073400301e-4,0.41222237321062627,0.443,0.253,1,ZoneB,LASC001932
3.766925814693651e-4,1.304806451424867,0.738,0.696,1,ZoneB,LASC019516
3.9556569694182853e-4,0.3667232981098428,0.279,0.127,1,ZoneB,hnf4b
4.032240142078389e-4,1.221464188339672,0.934,0.943,1,ZoneB,LASC003840
4.096517774463827e-4,1.476958325478273,0.885,0.933,1,ZoneB,LASC016954
4.1532296980738845e-4,1.2960389485754633,0.803,0.729,1,ZoneB,LASC005920
4.3363198960389365e-4,0.5835907915226074,0.525,0.361,1,ZoneB,slit3-5
4.478805138527023e-4,0.9496785784104498,0.803,0.623,1,ZoneB,LASC001443
4.5554699348343005e-4,0.33840530997708695,0.328,0.164,1,ZoneB,slc8b1
4.7040890471059015e-4,0.4985474049879476,0.41,0.25,1,ZoneB,cg3556-5
4.81253493818607e-4,0.5213995123684639,0.541,0.36,1,ZoneB,pnlip-3
4.826957570699037e-4,0.46102638418006836,0.475,0.303,1,ZoneB,LASC008549
4.875668983287109e-4,0.2601336079485004,0.246,0.105,1,ZoneB,adgrl3-2
5.356088155628134e-4,0.7891626022170926,0.705,0.584,1,ZoneB,cher-2
5.450155118063073e-4,1.3853596467058202,0.803,0.754,1,ZoneB,LASC013968
5.704850279039952e-4,0.4493205388187641,0.41,0.239,1,ZoneB,tmprss15-2
5.730496596852778e-4,0.37898027187142025,0.426,0.256,1,ZoneB,LASC019081
5.993885479000201e-4,0.3775906013353728,0.475,0.281,1,ZoneB,LASC013964
6.066855513674991e-4,0.32836697771878715,0.393,0.215,1,ZoneB,slc24a4-3
6.192184788670308e-4,0.4194606489548144,0.246,0.108,1,ZoneB,LASC008297
6.375440371745669e-4,0.4875441040515728,0.623,0.388,1,ZoneB,lysd
6.42456282718743e-4,0.25375355873545913,0.328,0.156,1,ZoneB,rlbp1-11
6.538380553847981e-4,0.5311536450500276,0.344,0.189,1,ZoneB,gpd1
7.232181825994235e-4,0.4651593018220853,0.607,0.432,1,ZoneB,cat-2
7.605179257582582e-4,0.4219261233850352,0.41,0.246,1,ZoneB,slc35f6
7.641698160496084e-4,0.3350964889450523,0.377,0.206,1,ZoneB,LASC009723
7.775225032930193e-4,0.2922912904634475,0.311,0.157,1,ZoneB,trp53i11
9.324392998937928e-4,0.29489902610917695,0.23,0.098,1,ZoneB,aper1-pkd1l3
9.499833122754147e-4,0.9471921323556511,0.656,0.541,1,ZoneB,LASC012207
9.511710209593354e-4,0.27110239252155066,0.197,0.078,1,ZoneB,LASC013986
9.696798831430276e-4,0.4233878363682595,0.607,0.451,1,ZoneB,fira
9.829493601364238e-4,0.5142520509107487,0.672,0.581,1,ZoneB,tspan7
0.0010301366633717736,0.6682238370307174,0.525,0.347,1,ZoneB,LASC007283
0.0010931081392334219,0.2908090422947615,0.41,0.231,1,ZoneB,LASC000814
0.0011184235559011536,0.33024580006159165,0.508,0.316,1,ZoneB,tpst
0.0011199333093714857,0.37618983496856406,0.59,0.42,1,ZoneB,pitpna
0.0011586996204606666,0.6459006933179541,0.541,0.404,1,ZoneB,nas-4-2
0.0011642932961102484,0.46690781135727444,0.426,0.249,1,ZoneB,LASC013614
0.001184010558695658,0.44127025147489696,0.656,0.473,1,ZoneB,LASC020467
0.0012852309966372997,0.3770343188096891,0.344,0.187,1,ZoneB,tnxb-11
0.0012902352248928012,0.9242935919623836,0.787,0.754,1,ZoneB,magel2-5
0.001344097193614183,0.3730076724757927,0.311,0.166,1,ZoneB,LASC020962
0.0013692601232487168,0.9715956181282359,0.77,0.765,1,ZoneB,hk2
0.0014937468387087244,1.1901033077758454,0.852,0.872,1,ZoneB,LASC015247
0.0015683226977781233,0.39411299265889443,0.443,0.273,1,ZoneB,agmat
0.0016098699500445455,0.2844225996351003,0.393,0.214,1,ZoneB,slc10a2
0.0016315529609248723,0.3561666830984794,0.311,0.169,1,ZoneB,LASC020181
0.001668414960770247,0.4447151320631698,0.377,0.226,1,ZoneB,LASC004665
0.0017305172198123886,0.344297285688876,0.393,0.237,1,ZoneB,LASC016959
0.001742179173842966,0.3306587892267767,0.443,0.272,1,ZoneB,nrf-6-16
0.0019477774487433232,0.5227683654960897,0.541,0.389,1,ZoneB,LASC019850
0.001975900617418435,0.43812598206998987,0.459,0.307,1,ZoneB,sdr16c5-2
0.0020059314369660153,0.5896225322433453,0.59,0.423,1,ZoneB,tmem163
0.0020560272039687913,0.28077919249281447,0.443,0.269,1,ZoneB,LASC022069
0.0020673793017447185,0.3315066852493544,0.279,0.141,1,ZoneB,LASC000959
0.0022197858470692808,0.2553335344647776,0.328,0.172,1,ZoneB,LASC004170
0.0022582552903918146,0.34896388232590053,0.344,0.19,1,ZoneB,LASC008241
0.0022583688870629905,0.41267048473492773,0.508,0.353,1,ZoneB,ptcd1
0.0023463563283891617,0.39851587647190845,0.541,0.384,1,ZoneB,LASC018467
0.002483930675243301,0.25650626261072107,0.23,0.106,1,ZoneB,LASC001013
0.002513504882227147,0.5231013268008928,0.787,0.743,1,ZoneB,pinx1
0.00253957724720465,0.2578889695531571,0.246,0.121,1,ZoneB,bhmt
0.0026926049813370935,0.3908579468403939,0.475,0.331,1,ZoneB,LASC011910
0.0027379686037068483,0.5972135556293667,0.656,0.534,1,ZoneB,LASC003806
0.0028614919438335862,0.3257930340549609,0.361,0.214,1,ZoneB,LASC005600
0.002918022591958432,0.35895989799016,0.311,0.172,1,ZoneB,tnxb-3
0.0029301514957415357,0.6118564633604661,0.557,0.439,1,ZoneB,cfad
0.003215777739501852,0.2668993450013923,0.377,0.225,1,ZoneB,idh1
0.003311440970385833,0.36594018231322856,0.393,0.244,1,ZoneB,reep5-2
0.0037407704996944087,0.2880381120595424,0.344,0.195,1,ZoneB,LASC007399
0.003814155957648766,0.3138104482200609,0.426,0.265,1,ZoneB,svep1-cfb-c2-plau-csmd1
0.004127489289629972,0.32579303405496063,0.213,0.103,1,ZoneB,nnmt
0.00428821710756564,0.8920242606757811,0.738,0.644,1,ZoneB,LASC013613
0.004562702554183476,0.617873594913772,0.541,0.44,1,ZoneB,LASC003701
0.005002035386943989,0.2509655917144168,0.508,0.338,1,ZoneB,tvp23b
0.005014198640172083,0.2651241773999111,0.426,0.284,1,ZoneB,LASC011234
0.005075300691592718,0.25718922005593725,0.246,0.125,1,ZoneB,cyp3a5
0.005140732035938213,0.37641910712492876,0.574,0.415,1,ZoneB,LASC007797
0.00518911143981379,0.6564312658354421,0.82,0.749,1,ZoneB,LASC005497
0.005262972334818147,0.25759532703705357,0.131,0.05,1,ZoneB,sec14l2-27
0.0052661369036474245,0.6504434812267952,0.623,0.508,1,ZoneB,LASC003726
0.0054077861925232494,0.9516706690254744,0.607,0.451,1,ZoneB,LASC005494
0.005471838727219442,0.3467209809555167,0.361,0.218,1,ZoneB,gramd1c-gramd1a
0.005611233345462554,0.2876168816367761,0.623,0.448,1,ZoneB,vha26
0.005657014990256165,0.4814439045151552,0.426,0.293,1,ZoneB,LASC014805
0.005788221325560397,0.2854822847882945,0.656,0.501,1,ZoneB,sdcbp
0.0058684805554068305,0.6380977800361646,0.459,0.35,1,ZoneB,LASC013621
0.006135243761082451,0.2593972760584341,0.23,0.114,1,ZoneB,nas-6-2
0.006581669021983039,0.4185786375156947,0.344,0.22,1,ZoneB,LASC002797
0.006607753706192401,0.44720035108828937,0.656,0.551,1,ZoneB,cg12163
0.006661783837516388,0.39350474288161175,0.41,0.269,1,ZoneB,casq2
0.006700685296744259,0.3191395478230217,0.443,0.29,1,ZoneB,notch3-tnxb
0.0067204964993292406,0.32989743238769725,0.279,0.151,1,ZoneB,acsl5-2
0.006723522127213705,0.5372971392486727,0.525,0.433,1,ZoneB,akr1b10
0.0072495660474143075,0.9837516211684778,0.623,0.567,1,ZoneB,LASC003342
0.007407393343249638,1.0276059483621238,0.393,0.287,1,ZoneB,LASC020948
0.007477876289263484,0.2804690435454705,0.344,0.213,1,ZoneB,p2rx4-2
0.007559318449836617,0.3119319662693114,0.672,0.515,1,ZoneB,LASC007795
0.00759224962736133,0.45030571928513474,0.574,0.409,1,ZoneB,LASC019982
0.007753641785105217,0.3188335654656834,0.311,0.191,1,ZoneB,pi4k2b
0.008507349968988297,0.4481896654146873,0.541,0.421,1,ZoneB,LASC013344
0.008796228065182612,0.42113529257265114,0.541,0.4,1,ZoneB,tfe3-2
0.008870113056560566,0.5541487047200664,0.836,0.838,1,ZoneB,sec62
0.009262375370212772,0.4881980612908601,0.557,0.442,1,ZoneB,LASC013733
0.009502592655199649,0.4338704438716776,0.607,0.458,1,ZoneB,tmem214
