Image,Object ID,Name,Class,Parent,ROI,x,y,Hematoxylin_Mean,Hematoxylin_Stdev,Eosin_Mean,Eosin_Stdev,ROI: 1.00 px per pixel: Saturation: Mean,ROI: 1.00 px per pixel: Saturation: Std.dev.,Area,Max diameter px,minDiameter,Perimeter,slide
P18163_1001_HE.png,04e71c53-4d8b-4ba8-bb65-6c1ce4d6f353,ZoneA,ZoneA,Image,Geometry,2015.1,2824.7,0.8196,0.2733,0.3235,0.0973,0.628,0.108,4898.3,87.818,79,346.91,Slide1
P18163_1001_HE.png,cd7dfab7-ac42-4669-a73b-8c39b3a5f440,Duct,Duct,Image,Polygon,2869.5,2165.9,0.2589,0.1911,0.3932,0.239,0.4302,0.2106,494,28.7924,23,100,Slide1
P18163_1001_HE.png,9cab3995-1d1d-4616-8018-5e6bd8f82c7c,ZoneA,ZoneA,Image,Polygon,2936.2,1989.3,0.959,0.2131,0.2493,0.0631,NA,NA,5176.3,159.2608,69.683,599.77,Slide1
P18163_1001_HE.png,254539a8-9ae3-4143-a843-6dcd7bd78ed9,ZoneA,ZoneA,Image,Geometry,2399.6,2920.6,0.8137,0.2917,0.3024,0.0985,0.6039,0.1308,6292.7,114.6342,88.3883,442.22,Slide1
P18163_1001_HE.png,75b92a53-d5a6-40d3-8a42-4a74c1fde86d,ZoneA,ZoneA,Image,Geometry,3069.4,2028.5,0.7917,0.2152,0.281,0.0951,NA,NA,5801,168.6713,90.9096,771.51,Slide1
P18163_1001_HE.png,0820e412-8b79-4671-adc4-55c223e8eeb7,ZoneA,ZoneA,Image,Polygon,2669.9,2987.9,0.9292,0.2563,0.2928,0.1048,0.6198,0.0986,5748.3,126.1507,58.2607,322.24,Slide1
P18163_1001_HE.png,7d90fed5-543b-4c5a-b7da-14f2544a9699,Duct,Duct,Image,Polygon,2912.1,2115.1,0.2468,0.2081,0.389,0.2345,0.4313,0.2057,632.5,36.6879,22.2524,97.84,Slide1
P18163_1001_HE.png,3a90a9e4-981c-4ef1-a734-f37a8157ba84,ZoneA,ZoneA,Image,Polygon,2660.4,1959.7,0.7747,0.2533,0.2911,0.0808,0.5846,0.1216,7569.9,150.12,82,595.43,Slide1
P18163_1001_HE.png,0e710991-6848-4d1f-bbda-fab48f89efe5,ZoneA,ZoneA,Image,Geometry,2064.4,2869.5,0.856,0.2769,0.3348,0.1034,0.638,0.1007,6579.6,119.6202,81.3665,460.25,Slide1
P18163_1001_HE.png,86d64bba-15e9-4dc2-8ab9-3d9f118c47fb,ZoneA,ZoneA,Image,Geometry,3044.4,2133.4,0.7928,0.2527,0.2359,0.07,NA,NA,8792.3,213.3776,130.5701,1026.6,Slide1
P18163_1001_HE.png,4d3488b3-7357-499e-aee1-26fe067ed35b,ZoneA,ZoneA,Image,Geometry,1984.5,2759.4,0.8241,0.3199,0.3333,0.1109,0.6201,0.1221,6321.9,108.462,87.2702,441.63,Slide1
P18163_1001_HE.png,e8078205-03e7-4a75-80e7-0e1eb0b0c43c,ZoneA,ZoneA,Image,Geometry,2656.9,1870.5,0.7775,0.3501,0.2755,0.1486,0.5562,0.1841,8225.6,126.6689,94.1357,524.63,Slide1
P18163_1001_HE.png,807a3e5c-a1b0-41b6-83d0-577ab97cc770,ZoneA,ZoneA,Image,Geometry,2031.7,2950.8,0.7208,0.2195,0.3547,0.1169,0.6168,0.1068,4588.3,90.8754,72,325.63,Slide1
P18163_1001_HE.png,4d079807-ee46-4b88-91cd-2a1f8f5aea96,ZoneA,ZoneA,Image,Geometry,1960.4,2697.6,0.8661,0.3669,0.279,0.1484,0.5855,0.1468,10864.1,133.094,113,488.14,Slide1
P18163_1001_HE.png,04dac0e1-6d2e-44b3-852e-e5ab75fce919,ZoneA,ZoneA,Image,Geometry,2125.1,2960.7,0.7301,0.1691,0.3612,0.0752,0.6319,0.0564,9463.5,147.9595,107.1546,644.23,Slide1
P18163_1001_HE.png,29dfffef-f4a1-4eed-954c-e5cd7384e9b7,ZoneA,ZoneA,Image,Polygon,2809.2,1950.3,0.7058,0.3279,0.3182,0.1323,0.553,0.1776,4175.5,135.6798,87.9566,465.95,Slide1
P18163_1001_HE.png,3e7ca230-0bb4-4368-9e52-d08a049b7151,ZoneA,ZoneA,Image,Polygon,3283.9,2044,0.879,0.165,0.3726,0.1027,NA,NA,1265.9,47.1699,37.1768,140.76,Slide1
P18163_1001_HE.png,0f26b818-9c3e-4037-900a-893df24acc2d,ZoneA,ZoneA,Image,Geometry,2485.6,1967,0.8899,0.27,0.2741,0.1002,0.6046,0.1192,5850.1,109.2928,83.0362,460.49,Slide1
P18163_1001_HE.png,6f6ce3e6-036d-4436-89c0-d6db71607f13,ZoneA,ZoneA,Image,Geometry,2375.8,3027.9,0.812,0.1642,0.3262,0.0696,0.6291,0.0524,3673.1,84.8892,70.372,365.56,Slide1
P18163_1001_HE.png,7063fad5-0294-4af8-81ef-ded3a3462863,ZoneA,ZoneA,Image,Geometry,2265.2,2917.7,0.82,0.1916,0.3425,0.0772,0.6449,0.0535,10518.1,169.3875,106.891,733.08,Slide1
P18163_1001_HE.png,3b3893ee-d67d-4e8c-a483-1567b3e88969,Region*,Region*,Image,Rectangle,2630.5,2524.5,0.5268,0.3601,0.2218,0.1655,NA,NA,2069937,2035.4385,1411,5756,Slide1
P18163_1001_HE.png,cdf1c376-3dcf-49ab-891f-3e95e78a5ce0,ZoneA,ZoneA,Image,Geometry,2490.6,3031.4,0.8545,0.2967,0.2616,0.086,0.5918,0.1285,15687.9,180.3136,108.7883,671.32,Slide1
P18163_1001_HE.png,f1335622-203a-4856-954d-313073b57cf8,ZoneA,ZoneA,Image,Polygon,2165.8,2870.8,0.8442,0.193,0.3553,0.0832,0.6598,0.0297,2851.8,76.4848,47,202.46,Slide1
P18163_1001_HE.png,a189e91d-e960-4333-bd25-954da496e008,ZoneA,ZoneA,Image,Polygon,2570.8,2988.7,0.8735,0.323,0.2561,0.096,0.5906,0.1289,8217.6,129.6187,92.4506,427.17,Slide1
P18163_1001_HE.png,b093331b-0f96-41e6-a468-de46bb375947,ZoneA,ZoneA,Image,Geometry,2514.9,2051.6,0.9421,0.2509,0.2948,0.0902,0.6308,0.1021,5613.4,113.5341,76.2892,431.23,Slide1
P18163_1001_HE.png,54499cc8-48ba-46e8-a2ec-25c4d1e5f9d1,ZoneC,ZoneC,Image,Geometry,2815.6,2064.7,0.7817,0.2721,0.0789,0.1262,0.4583,0.1165,28366.1,250.5115,173.56,843.01,Slide1
P18163_1001_HE.png,3d24e770-6798-4901-9ad9-30e36a52c844,ZoneA,ZoneA,Image,Geometry,3227,2001.8,0.8669,0.2598,0.3316,0.1359,NA,NA,2083.7,72.8011,56.7738,342.57,Slide1
P18163_1001_HE.png,4591400f-a87e-44f7-9bf6-73bbbfa2662d,ZoneA,ZoneA,Image,Polygon,2647.1,3181.9,0.8962,0.2161,0.3095,0.084,0.635,0.0705,6625.6,102.4207,86,297.12,Slide1
P18163_1001_HE.png,e1ef7111-9033-46ed-9aa0-c8c8f43fe0ec,ZoneC,ZoneC,Image,Geometry,2516.6,2891.5,0.8089,0.3357,0.0671,0.0758,0.4577,0.1178,13037.2,190.683,101.3761,745.05,Slide1
P18163_1001_HE.png,637e16fe-7ed9-4f55-a0e9-2ee2389b9728,ZoneA,ZoneA,Image,Geometry,2556.7,3120.8,0.9082,0.2181,0.3063,0.0862,0.6332,0.0768,9229.5,119.673,99,385.9,Slide1
P18163_1001_HE.png,c15ced2c-5471-4989-ac05-ee3b21493789,ZoneA,ZoneA,Image,Geometry,2603.4,2029.3,0.9181,0.1769,0.264,0.0541,0.6263,0.0463,6300.5,112.6693,86.874,480.07,Slide1
P18163_1001_HE.png,393cf9a9-829d-4f54-9411-2abf05ab54ec,ZoneA,ZoneA,Image,Geometry,2559.9,1905.9,0.8616,0.2283,0.312,0.0942,0.6226,0.0988,3026,96.2081,70.0147,507.26,Slide1
P18163_1001_HE.png,3e95be24-52e5-4740-888e-233979ff404c,ZoneA,ZoneA,Image,Geometry,2299.4,2993.1,0.8672,0.1664,0.2908,0.0618,0.6316,0.0384,4349.8,96.5905,77.7718,434.83,Slide1
P18163_1001_HE.png,a840c077-9931-43ca-814b-851de8b61ec0,ZoneA,ZoneA,Image,Geometry,3301.5,2115,0.9617,0.1671,0.2828,0.064,NA,NA,4661,121.3532,68.4237,556.35,Slide1
P18163_1001_HE.png,f56c8045-7fcf-44ee-8e29-077d394cc79d,ZoneA,ZoneA,Image,Polygon,3187.1,2076.2,0.9662,0.2049,0.293,0.0753,NA,NA,3032.7,70.2639,55.2981,201.86,Slide1
P18163_1002_HE.png,125f9b0e-4211-44d2-a351-5e5bc981480b,ZoneC,ZoneC,Image,Geometry,1836.9,2042,0.8712,0.2462,0.1513,0.1044,NA,NA,31054.1,343.3846,260.359,1726.6,Slide2
P18163_1002_HE.png,7062979b-ac76-44b3-b967-e21a66d02cfa,ZoneA,ZoneA,Image,Geometry,1946.9,2242,0.5082,0.234,0.4529,0.1111,NA,NA,9338,204.6733,102.5536,944.11,Slide2
P18163_1002_HE.png,a2e050a9-3f91-4ab2-8297-c73abdd62ee0,ZoneA,ZoneA,Image,Polygon,2331,2017.9,0.7083,0.2078,0.4311,0.0736,NA,NA,2748.2,117.72,63.1736,378.26,Slide2
P18163_1002_HE.png,ce0b4640-90cc-45a6-be5b-1ce6575d1677,Region*,Region*,Image,Rectangle,1994.5,2013,0.5302,0.3502,0.3085,0.1797,NA,NA,512316,NA,684,2866,Slide2
P18163_1002_HE.png,c048eb5b-4601-428c-8695-b97d1af03db8,ZoneA,ZoneA,Image,Geometry,2194.3,2001.6,0.6035,0.186,0.41,0.0706,NA,NA,6882.3,142.2886,121.6224,722.23,Slide2
P18163_1002_HE.png,81294694-a663-465e-b21f-129c079ba4d9,ZoneA,ZoneA,Image,Geometry,2283.6,2164.3,0.6244,0.1869,0.4354,0.0726,NA,NA,6049.5,125.4831,93,564.6,Slide2
P18163_1002_HE.png,094f854d-b332-4dfc-8673-fb38bbda37df,Duct,Duct,Image,Polygon,1690.1,2024.9,0.2906,0.1834,0.2988,0.0877,NA,NA,95,13.6015,10.6066,44,Slide2
P18163_1002_HE.png,7174884c-dfb4-4c30-abb4-7a61cd109ce9,ZoneA,ZoneA,Image,Geometry,2231.7,1880.3,0.6808,0.2775,0.4162,0.1238,NA,NA,5072.5,126.8869,104.7085,889.69,Slide2
P18163_1002_HE.png,387948c6-39e5-499b-82d9-286a5b94bed4,ZoneA,ZoneA,Image,Geometry,2201.8,2265.6,0.6645,0.1937,0.4842,0.088,NA,NA,6889.7,159.0503,101.2826,765.63,Slide2
P18163_1002_HE.png,3336268a-8810-41eb-9522-244b69d401dd,ZoneA,ZoneA,Image,Geometry,2148.7,2158.9,0.7263,0.2465,0.4862,0.0948,NA,NA,10327.2,195.2742,124.2535,923.85,Slide2
P18163_1002_HE.png,478c975a-7ac5-4cbc-a053-ad6b2091767f,ZoneA,ZoneA,Image,Geometry,1769.6,1753.8,0.7984,0.2279,0.4697,0.0885,NA,NA,11191.1,180.8535,86,623.61,Slide2
P18163_1002_HE.png,465de8af-bd41-41b0-815f-26fbfca3e628,ZoneA,ZoneA,Image,Polygon,1670.6,1992,NA,NA,NA,NA,NA,NA,8670.5,NA,NA,337.71,Slide2
P18163_1002_HE.png,a07c2d6e-bf87-458a-8989-de6daebb5fbd,ZoneA,ZoneA,Image,Geometry,2133.5,1895.2,0.6698,0.2011,0.4183,0.0688,NA,NA,5180.3,111.018,90.8124,517.75,Slide2
P18163_1002_HE.png,b67bc652-3cb2-4b48-b93c-1a04e469e041,ZoneA,ZoneA,Image,Geometry,2330.6,2267.6,0.7325,0.1936,0.4702,0.0774,NA,NA,4735.5,135.5175,63.6653,487.22,Slide2
P18163_1004.png,a4943e3b-b20c-41af-9933-e5d40758b85f,ZoneA,ZoneA,Image,Geometry,1804,2359.7,0.5465,0.1482,0.6437,0.0903,NA,NA,15661,NA,NA,1070.7,Slide4
P18163_1004.png,3784f78d-aaea-418e-aad4-5b033f802912,ZoneA,ZoneA,Image,Geometry,1727.8,3148.6,0.6701,0.189,0.51,0.0742,NA,NA,7986.9,NA,NA,778.59,Slide4
P18163_1004.png,e5e33853-5f1b-4f59-8ff9-fcb0719d74bc,ZoneA,ZoneA,Image,Geometry,3468.9,3001.6,0.551,0.1737,0.5437,0.0865,NA,NA,27527.6,NA,NA,1655.8,Slide4
P18163_1004.png,d7e0868f-ffd8-4b77-8279-cc17caccab57,ZoneA,ZoneA,Image,Geometry,3296.2,2830.1,0.5901,0.1644,0.5377,0.1018,NA,NA,16215.8,NA,NA,1251.9,Slide4
P18163_1004.png,70846427-d4d1-42c6-977d-d3bfe41c9488,ZoneA,ZoneA,Image,Geometry,1599.7,2642.8,0.6315,0.1648,0.5489,0.1095,NA,NA,11132.9,NA,NA,932.64,Slide4
P18163_1004.png,4a79204a-3d95-44ae-915f-4ceb2c83a7f1,ZoneA,ZoneA,Image,Geometry,3201.9,2904.9,0.5678,0.1854,0.5325,0.1144,NA,NA,9108.7,NA,NA,837.06,Slide4
P18163_1004.png,6b9e35b2-4104-4413-aa2a-0ee54b45cadd,ZoneA,ZoneA,Image,Geometry,1412.4,2560,0.5287,0.1526,0.5001,0.1102,NA,NA,17151.3,NA,NA,1432.6,Slide4
P18163_1004.png,e0dbb88e-8550-49e2-bdc1-e94738d55b03,ZoneA,ZoneA,Image,Geometry,3554.7,2830.4,0.5578,0.1695,0.5754,0.1218,NA,NA,20819,NA,NA,1411.7,Slide4
P18163_1004.png,c4e256ad-d0b9-403a-9465-949e9c438f43,ZoneA,ZoneA,Image,Polygon,1430.6,3219.1,0.878,0.2084,0.5934,0.1319,NA,NA,6322.4,NA,NA,440.38,Slide4
P18163_1004.png,8a215655-6083-4baf-b0c2-2403468b9088,ZoneA,ZoneA,Image,Polygon,3056.5,3432.2,0.5777,0.2047,0.5087,0.1503,NA,NA,3351.5,NA,NA,463.86,Slide4
P18163_1004.png,dec7bd1f-e220-42f2-9586-0678756c1c81,ZoneA,ZoneA,Image,Polygon,2977,3263.6,0.5219,0.2425,0.4426,0.152,NA,NA,2445,NA,NA,257.61,Slide4
P18163_1004.png,3adf0932-c99e-4104-9355-adc9cdd456ff,ZoneA,ZoneA,Image,Geometry,1568.3,2436.9,0.6271,0.1656,0.5262,0.0977,NA,NA,10709.3,NA,NA,766.48,Slide4
P18163_1004.png,218007bb-175b-448d-8ab0-04cf787804b1,ZoneA,ZoneA,Image,Geometry,1633.9,2316.7,0.5987,0.1615,0.5876,0.1125,NA,NA,10864,NA,NA,778.69,Slide4
P18163_1004.png,00d8c9df-1e7f-4386-85be-4b02e9358abe,ZoneA,ZoneA,Image,Polygon,2925.2,3208.9,0.4378,0.3543,0.3781,0.1472,NA,NA,1890.4,NA,NA,207.31,Slide4
P18163_1004.png,7372f7d0-15b7-4aad-8021-556ffe8d045d,Region*,Region*,Image,Rectangle,2359.5,2864,NA,NA,NA,NA,NA,NA,3391668,2984.3232,1252,7922,Slide4
P18163_1004.png,300bc4f9-4601-4a47-bebe-df3e5e8c019d,ZoneB,ZoneB,Image,Geometry,1262.4,2957.8,0.6083,0.1329,0.3143,0.0758,NA,NA,20379.5,NA,NA,1705.2,Slide4
P18163_1004.png,ebcaac3b-841e-44cd-9e20-f6e4e0623832,ZoneC,ZoneC,Image,Geometry,3200.9,3171,1.1141,0.2886,0.1473,0.201,NA,NA,44439.9,NA,NA,2872,Slide4
P18163_1004.png,d613d82f-21a9-4629-a390-fda4ea3bf493,ZoneA,ZoneA,Image,Geometry,1690.8,2514.5,0.6177,0.2047,0.5599,0.1206,NA,NA,14565.4,NA,NA,1321.4,Slide4
P18163_1004.png,4c767395-bc68-4311-aa7a-ec84bcaca149,ZoneA,ZoneA,Image,Polygon,1609.9,3278.6,0.8512,0.2599,0.6032,0.1139,NA,NA,5818.5,NA,NA,351.15,Slide4
P18163_1004.png,8d0f9bd1-9f0c-4e78-bf16-77a7401485f5,ZoneA,ZoneA,Image,Geometry,1158.1,2645.9,0.5763,0.1688,0.4786,0.1062,NA,NA,18680.1,NA,NA,1416,Slide4
P18163_1004.png,d1c2c6c8-d398-44f4-b5a8-e9a03ffc4410,ZoneC,ZoneC,Image,Polygon,1628.9,2867.3,1.1345,0.3868,0.0591,0.1037,NA,NA,21342.1,NA,NA,1929.3,Slide4
P18163_1004.png,04467df8-71e8-4160-a19e-d58ac114dcb3,ZoneA,ZoneA,Image,Geometry,3336.9,2645.9,0.7304,0.2682,0.6164,0.1225,NA,NA,7460,NA,NA,543.59,Slide4
P18163_1004.png,999107d0-ae86-4e74-8183-4d2b000ea5d8,ZoneA,ZoneA,Image,Geometry,1685.5,3081.1,0.6917,0.2307,0.4743,0.0938,NA,NA,9853.8,NA,NA,1137.6,Slide4
P18163_1004.png,769f3f81-d100-4404-974e-f4a5af624523,ZoneA,ZoneA,Image,Geometry,3107.9,3382.1,0.6795,0.2234,0.5724,0.1242,NA,NA,3500.8,NA,NA,449.69,Slide4
P18163_1005_HE.png,2d71a63b-f08f-4ece-9bf2-60b3b4e66598,ZoneA,ZoneA,Image,Geometry,2143.6,3353.4,0.7298,0.267,0.2883,0.0721,NA,NA,5243.6,NA,NA,425.24,Slide5
P18163_1005_HE.png,f8539f8b-e8e2-4571-8810-87815d2bdce9,ZoneA,ZoneA,Image,Geometry,1985.9,3244.9,0.9364,0.2256,0.3125,0.0626,NA,NA,3348,NA,NA,379.15,Slide5
P18163_1005_HE.png,56dcfa92-2be0-47f9-8bcc-308d8eca570a,ZoneC,ZoneC,Image,Geometry,2385.3,3342.8,0.7669,0.2612,0.0228,0.042,NA,NA,21032.4,NA,NA,915.09,Slide5
P18163_1005_HE.png,27228e03-1871-446a-b917-df27bd440f1e,ZoneA,ZoneA,Image,Geometry,2059.9,3221.1,0.9087,0.2026,0.302,0.0655,NA,NA,3439.8,NA,NA,341.56,Slide5
P18163_1005_HE.png,3deba72a-8fe6-4f7c-abe3-33da00d1b7cb,ZoneC,ZoneC,Image,Geometry,2949.8,2464.5,0.9598,0.3363,0.0501,0.0544,NA,NA,68082.4,NA,NA,1517,Slide5
P18163_1005_HE.png,8121ff52-afea-4369-8b1b-7920385870dd,ZoneA,ZoneA,Image,Polygon,1933.8,3282.1,0.8838,0.1858,0.2816,0.0724,NA,NA,2437.9,NA,NA,178.28,Slide5
P18163_1005_HE.png,ee5c8ae5-fd9b-459c-b8b7-661d83804f4a,ZoneA,ZoneA,Image,Polygon,2587.7,2309.7,0.7127,0.16,0.3809,0.0938,NA,NA,4775.5,NA,NA,611.42,Slide5
P18163_1005_HE.png,20fd68cb-30b7-41fe-958e-d20d5e7fce40,ZoneA,ZoneA,Image,Geometry,2471.4,2343.5,0.7205,0.2497,0.3197,0.1112,NA,NA,7578.2,NA,NA,694.69,Slide5
P18163_1005_HE.png,27c2ec28-20f3-4af5-9d1b-4bad806bb38f,Region*,Region*,Image,Rectangle,2515,2971,NA,NA,NA,NA,NA,NA,1933704,1979.0634,1284,5580,Slide5
P18163_1005_HE.png,e62d8a4c-6449-46b7-8736-1896aa3a9d10,Duct,Duct,Image,Polygon,2496.6,3393.7,0.5962,0.193,0.4278,0.1912,NA,NA,369.5,NA,NA,79.07,Slide5
P18163_1005_HE.png,0e9be5c1-3e0a-42f5-afc4-c0b6730022b0,ZoneA,ZoneA,Image,Geometry,1928.6,3402.1,0.7975,0.194,0.3822,0.1158,NA,NA,7012.1,NA,NA,511.13,Slide5
P18163_1005_HE.png,fd2779f9-8e4c-45c8-b2c6-e84cdbc39313,ZoneA,ZoneA,Image,Geometry,2135.7,3265.9,0.7937,0.2001,0.3427,0.0644,NA,NA,4448.2,NA,NA,422.5,Slide5
P18163_1005_HE.png,74462b8c-dc3a-4fcf-ba52-9cd2189e3f4a,ZoneA,ZoneA,Image,Geometry,2030.6,3306.8,0.8214,0.2209,0.3351,0.0736,NA,NA,5844.2,NA,NA,479.33,Slide5
P18163_1005_HE.png,5e2b8daf-4999-4035-b0f4-3330afb05b54,ZoneA,ZoneA,Image,Geometry,2255.2,3435.6,0.763,0.2453,0.2853,0.0694,NA,NA,9839.5,NA,NA,705.73,Slide5
P18163_1005_HE.png,872cd759-8806-4a2b-916c-318a8922cf9a,ZoneA,ZoneA,Image,Polygon,2089.7,3406,0.8558,0.2034,0.3629,0.0782,NA,NA,2711.4,NA,NA,260.89,Slide5
P18163_1005_HE.png,63784cff-5299-4376-9f19-9756b463a4b8,ZoneA,ZoneA,Image,Geometry,2541.9,2447.5,0.6526,0.2379,0.3029,0.0929,NA,NA,8079.1,NA,NA,732.93,Slide5
P18163_1005_HE.png,c7f4ba9c-b4dc-4cc0-96c4-8ac4f6e9eb95,ZoneA,ZoneA,Image,Polygon,2672.1,2450.3,0.7837,0.2077,0.3265,0.0811,NA,NA,9786.5,NA,NA,716.61,Slide5
P18163_1005_HE.png,1246a848-e33e-47fe-8fb0-1ac9dde50ecf,ZoneA,ZoneA,Image,Geometry,2374.7,3546.2,0.8606,0.2238,0.312,0.0795,NA,NA,17128.8,NA,NA,777.95,Slide5
P18163_1005_HE.png,a29fd73f-02ee-45c6-8613-1622f6f3da2f,ZoneA,ZoneA,Image,Geometry,2234.5,3325.1,0.7714,0.2095,0.313,0.0612,NA,NA,5619.4,NA,NA,433.29,Slide5
P18163_1005_HE.png,38c96449-7d67-4478-9a78-d94c4ad1bb3c,ZoneA,ZoneA,Image,Geometry,2434.5,3456.8,0.9303,0.2579,0.237,0.0775,NA,NA,6905,NA,NA,594.88,Slide5
P18163_1005_HE.png,e5e4bf57-0aa8-4f7b-a62d-4db1c0787347,ZoneA,ZoneA,Image,Geometry,2020,3408.2,0.892,0.21560000000000001,0.3326,0.0911,NA,NA,5252.3,NA,NA,430,Slide5
P18163_1005_HE.png,ef921f1f-3e37-400f-908e-a403a507f283,ZoneA,ZoneA,Image,Geometry,2161.4,3457.5,0.7887,0.2395,0.3039,0.0799,NA,NA,7513.3,NA,NA,556.02,Slide5
P18163_1005_HE.png,8d235b61-854e-4054-a441-024193713c1b,ZoneA,ZoneA,Image,Geometry,2534.2,3598.1,0.8115,0.205,0.2761,0.0966,NA,NA,15205.6,NA,NA,1106.7,Slide5
P18163_1005_HE.png,eeeaa2bc-7be0-4797-bd96-20724a32a246,Duct,Duct,Image,Polygon,2519.1,3354.5,0.417,0.3525,0.373,0.2173,NA,NA,466.5,NA,NA,92.73,Slide5
P18163_1005_HE.png,02bb6b0a-d54a-408a-a694-1face5cc830c,ZoneA,ZoneA,Image,Polygon,2691.7,2315,0.6502,0.2271,0.3143,0.0906,NA,NA,7762.4,NA,NA,630.78,Slide5
P18163_1005_HE.png,5c4e98f0-9d33-4660-bc5e-5508d18e845b,ZoneA,ZoneA,Image,Polygon,2818.5,2278.2,0.6488,0.1664,0.4206,0.0984,NA,NA,10760.5,NA,NA,706.67,Slide5
P22555_1003.png,b9ad073f-4ff4-42b6-a8d6-b14bb65c3fce,ZoneA,ZoneA,Image,Geometry,1909,3319.2,0.6433,0.1365,0.3035,0.0885,NA,NA,9851.7,NA,NA,623.45,Slide8
P22555_1003.png,d7d72628-75ba-4841-9c43-7b18b3034271,ZoneA,ZoneA,Image,Geometry,1621.6,1654.7,0.7221,0.1895,0.467,0.0871,NA,NA,23746.5,NA,NA,1547.9,Slide8
P22555_1003.png,38d10dd1-1470-465e-be37-620e9f85b26a,ZoneA,ZoneA,Image,Geometry,927.25,3320.8,0.6146,0.1253,0.3487,0.0583,NA,NA,9718.3,NA,NA,718.67,Slide8
P22555_1003.png,17edf02f-42e7-4abb-90c6-87fb4aff0004,ZoneB,ZoneB,Image,Polygon,1636.4,3647.4,0.5866,0.1282,0.1663,0.057,NA,NA,22044.1,NA,NA,1510.1,Slide8
P22555_1003.png,3e7fa854-0754-43f7-b6a3-41678bf1d34b,ZoneA,ZoneA,Image,Geometry,1137,3268.8,0.5958,0.1601,0.3172,0.0644,NA,NA,14623.9,NA,NA,954.62,Slide8
P22555_1003.png,4e75d1f0-bd98-488b-802f-593650e6522e,ZoneA,ZoneA,Image,Geometry,1957.7,2034.2,0.7543,0.1295,0.4627,0.0784,NA,NA,9374.4,NA,NA,679.88,Slide8
P22555_1003.png,5845fca8-e627-4a52-b607-59c038c5edad,ZoneA,ZoneA,Image,Geometry,1419.9,1825.2,0.7781,0.162,0.4094,0.0721,NA,NA,17775.8,NA,NA,1310.8,Slide8
P22555_1003.png,aa09f0c9-5feb-45de-ad47-87c94d18dbfc,ZoneC,ZoneC,Image,Geometry,1735.2,1953.2,1.0826,0.2219,0.0763,0.0627,NA,NA,58014.8,NA,NA,2758.1,Slide8
P22555_1003.png,05c00ea3-031a-47c5-8793-40a8d43439f4,ZoneA,ZoneA,Image,Geometry,1432,1559.8,0.7367,0.1442,0.4819,0.0903,NA,NA,19614.8,NA,NA,1357.6,Slide8
P22555_1003.png,d5f3aafa-4875-4663-97fc-a52388006821,ZoneA,ZoneA,Image,Geometry,1474.6,2138.5,0.8592,0.185,0.4086,0.0543,NA,NA,9808,NA,NA,610.72,Slide8
P22555_1003.png,12f24883-4acf-44a1-8e72-214daca42ad8,ZoneA,ZoneA,Image,Geometry,1851.8,3499.8,0.7457,0.1419,0.342,0.0871,NA,NA,10818.8,NA,NA,814.29,Slide8
P22555_1003.png,d27a1a16-6b79-4759-8a4b-6dca7bc7165a,ZoneA,ZoneA,Image,Polygon,1497.9,1927.7,0.7917,0.1503,0.44,0.0562,NA,NA,8149.8,NA,NA,673.47,Slide8
P22555_1003.png,70859bcd-4e27-41b4-9898-291247e5f684,ZoneA,ZoneA,Image,Geometry,1869.5,2144.5,0.762,0.272,0.3889,0.1009,NA,NA,9663.9,NA,NA,585.76,Slide8
P22555_1003.png,600e1355-ae8f-4a0b-973c-19ac6bb15d27,ZoneA,ZoneA,Image,Geometry,1326.9,3766.3,0.5296,0.1351,0.406,0.0992,NA,NA,18573.1,NA,NA,1462.4,Slide8
P22555_1003.png,e91fb1a9-fca5-41f7-ae9d-ecdc987d86ef,ZoneC,ZoneC,Image,Polygon,1482.3,3342.7,0.8549,0.2297,-0.0172,0.0675,NA,NA,32222.6,NA,NA,1953.6,Slide8
P22555_1003.png,1628b05f-1e9f-4d6d-8f81-da64f4a2ced8,ZoneA,ZoneA,Image,Geometry,1801.6,3196.9,0.7725,0.1783,0.2303,0.0663,NA,NA,8778.7,NA,NA,674.79,Slide8
P22555_1003.png,094857d0-ef99-4aa8-8050-5a8eb1108751,Region*,Region*,Image,Rectangle,1439.5,2656,NA,NA,NA,NA,NA,NA,2928434,2773.6065,1163,7362,Slide8
P22555_1003.png,b2144450-c667-4a8c-b4f7-662b25c6d878,ZoneA,ZoneA,Image,Geometry,1286.5,3344.7,0.624,0.1878,0.3149,0.0606,NA,NA,14191.1,NA,NA,926.58,Slide8
P22555_1003.png,96d23c16-1def-4cb3-837e-337a4a88197b,ZoneA,ZoneA,Image,Geometry,1203.5,1789.8,0.8617,0.1736,0.4715,0.0796,NA,NA,14923.5,NA,NA,851.89,Slide8
P22555_1003.png,d1d99603-bc2c-41d7-8963-13e312c8f4f6,ZoneA,ZoneA,Image,Geometry,1213.8,3540.6,0.5184,0.1506,0.3306,0.0882,NA,NA,24414.4,NA,NA,1463.6,Slide8
P22555_1003.png,3bcbbcf6-da15-4e9d-b4f0-211f7bea738a,ZoneA,ZoneA,Image,Polygon,974.37,3176,0.576,0.1555,0.3368,0.0631,NA,NA,13847.5,NA,NA,962.68,Slide8
P22555_1003.png,bfd56bf3-d9ee-4d36-98e6-410eb29b000f,ZoneA,ZoneA,Image,Geometry,1057.4,3389.2,0.6307,0.1365,0.3217,0.0609,NA,NA,12388.1,NA,NA,751.17,Slide8
P22555_1003.png,9b86c8ba-a3e9-43e6-8340-5ee5162b7f6b,ZoneA,ZoneA,Image,Geometry,1734.2,3248.6,0.7064,0.1857,0.2658,0.059,NA,NA,12296.4,NA,NA,1246.4,Slide8
