Image,Object ID,Name,Class,Parent,ROI,x,y,Hematoxylin_Mean,Hematoxylin_Stdev,Eosin_Mean,Eosin_Stdev,Area,Perimeter px,slide,Region,ID,ID2,class,clusters
ImageI,021795c3-baab-477a-bf84-8b25defaa112,ZoneA,ZoneA,Image,Ellipse,229.5,379.5,0.0878,0.0069,0.0677,0.0059,490.87,78.54,zoneA,Vesicle,1,ZoneA_1,1,1
ImageI,3102a31e-ce57-4023-81f3-776672484c4e,ZoneA,ZoneA,Image,Ellipse,140,198,0.1189,0.0092,0.089,0.0096,201.06,50.27,zoneA,Vesicle,2,ZoneA_2,1,1
ImageI,fad36cbb-c777-4951-8156-3219db9c5d93,ZoneA,ZoneA,Image,Ellipse,147,372,0.0988,0.0077,0.0688,0.0065,380.13,69.12,zoneA,Vesicle,3,ZoneA_3,1,1
ImageI,f6c9d495-a287-4ba0-98f8-fa3f77dd70c5,ZoneA,ZoneA,Image,Ellipse,313,268,0.0644,0.0054,0.0488,0.0049,254.47,56.55,zoneA,Vesicle,4,ZoneA_4,1,1
ImageI,d0d7caa6-eb50-4c2f-b909-6df8676b7089,ZoneA,ZoneA,Image,Ellipse,154.5,252,0.1065,0.0091,0.0835,0.0089,296.88,61.35,zoneA,Vesicle,5,ZoneA_5,1,1
ImageI,b952feeb-52a4-455d-ae2f-61244a41558a,ZoneA,ZoneA,Image,Ellipse,12,274,0.1616,0.0055,0.0916,0.0065,153.94,43.98,zoneA,Vesicle,6,ZoneA_6,1,1
ImageI,4e57ce7a-e432-47c6-be05-05572616cbc7,ZoneA,ZoneA,Image,Ellipse,197.5,365,0.0849,0.0064,0.0653,0.0067,329.87,64.41,zoneA,Vesicle,7,ZoneA_7,1,1
ImageI,1cf95094-d5f0-4b93-bd49-4c9164b86bbc,ZoneA,ZoneA,Image,Ellipse,280,208,0.0779,0.0075,0.0638,0.0063,254.47,56.55,zoneA,Vesicle,8,ZoneA_8,1,1
ImageI,5edce164-646a-46a4-9436-94220dbb3c64,ZoneA,ZoneA,Image,Ellipse,188,264,0.0963,0.0087,0.0717,0.0094,254.47,56.55,zoneA,Vesicle,9,ZoneA_9,1,1
ImageI,42161704-2479-4738-a3a6-dee56c25341b,ZoneA,ZoneA,Image,Ellipse,160.5,224.5,0.1027,0.0116,0.0742,0.008,415.48,72.26,zoneA,Vesicle,10,ZoneA_10,1,1
ImageI,87f58fc0-92c0-4457-bddb-311afb8fa31a,ZoneA,ZoneA,Image,Ellipse,34.5,181,0.1644,0.0089,0.093,0.0079,397.41,70.69,zoneA,Vesicle,11,ZoneA_11,1,1
ImageII,5fe77b70-69e8-4329-b3b2-c1a1508965d3,ZoneB,ZoneB,Image,Ellipse,142,147.5,0.1318,0.0211,0.1969,0.0199,213.63,51.85,zoneB,Vesicle,1,ZoneB_1,2,2
ImageII,b9b4aa61-5d89-45c9-a746-90a30112f2fa,ZoneB,ZoneB,Image,Ellipse,38.5,320.5,0.1469,0.0292,0.2263,0.0179,226.98,53.41,zoneB,Vesicle,2,ZoneB_2,2,2
ImageII,3d6b9d5b-110a-430f-be61-20e06786928c,ZoneB,ZoneB,Image,Ellipse,316.5,348.5,0.1147,0.0127,0.2022,0.007,226.98,53.41,zoneB,Vesicle,3,ZoneB_3,2,2
ImageII,9d4983e0-6a39-4c1a-b8c9-40778095a479,ZoneB,ZoneB,Image,Ellipse,131.5,330.5,0.1369,0.016,0.2293,0.0215,132.73,40.84,zoneB,Vesicle,4,ZoneB_4,2,2
ImageII,be603dbd-28cd-4004-a670-0baaac607b6b,ZoneB,ZoneB,Image,Ellipse,184,202,0.1032,0.0153,0.1633,0.0109,201.06,50.27,zoneB,Vesicle,5,ZoneB_5,2,2
ImageII,57264635-f4da-4877-b484-64b0de64b908,ZoneB,ZoneB,Image,Ellipse,274.5,223.5,0.1317,0.0195,0.2146,0.0201,283.53,59.69,zoneB,Vesicle,6,ZoneB_6,2,2
ImageII,937d53ad-ddb8-4f23-b239-a4a05f913527,ZoneB,ZoneB,Image,Ellipse,142,202,0.1218,0.0188,0.1967,0.0216,254.47,56.55,zoneB,Vesicle,7,ZoneB_7,2,2
ImageII,5a26d6ef-1bc2-45eb-b84b-b87b169dd6f5,ZoneB,ZoneB,Image,Ellipse,294.5,200.5,0.1384,0.013,0.2109,0.019,226.98,53.41,zoneB,Vesicle,8,ZoneB_8,2,2
ImageII,887a6f35-665e-47f4-a502-8cc9ad21689a,ZoneB,ZoneB,Image,Ellipse,303,252,0.1388,0.0155,0.2118,0.0143,153.94,43.98,zoneB,Vesicle,9,ZoneB_9,2,2
ImageII,8462ea29-d968-4be4-af6a-b0e0c88e2877,ZoneB,ZoneB,Image,Ellipse,328.5,162.5,0.1282,0.022,0.1974,0.0197,226.98,53.41,zoneB,Vesicle,10,ZoneB_10,2,2
ImageII,ff7547e2-b959-4195-9840-e19a802faf47,ZoneB,ZoneB,Image,Ellipse,171,233,0.1005,0.0109,0.1781,0.0084,254.47,56.55,zoneB,Vesicle,11,ZoneB_11,2,2
ImageII,ed05bc5b-a411-4064-85ff-e6a20266c49f,ZoneB,ZoneB,Image,Ellipse,75,206,0.1221,0.0151,0.1893,0.0114,254.47,56.55,zoneB,Vesicle,12,ZoneB_12,2,2
ImageIII,c7d1a253-01eb-4ed3-9495-3db1125fbde1,DopeB,DopeII,Image,Rectangle,110.5,109.5,0.136,0.0204,0.1576,0.0206,95,48,zoneC,Dope,1,DopeII_1,2,2
ImageIII,be9904f7-5f96-4b95-811d-d43e63c71182,DopeB,DopeII,Image,Rectangle,197,109,0.1264,0.0106,0.1451,0.0068,80,48,zoneC,Dope,2,DopeII_2,2,2
ImageIII,df8d0aad-586a-4ad1-8809-37991deb8e49,DopeA,DopeI,Image,Rectangle,323,71.5,0.1165,0.0061,0.0637,0.0072,182,66,zoneC,Dope,1,DopeI_1,1,1
ImageIII,3b98cd48-97ce-4440-96c5-fe1d8927d0bd,ZoneC,ZoneC,Image,Ellipse,65.5,298.5,0.3121,0.0381,0.325,0.0351,95.03,34.56,zoneC,Vesicle,1,ZoneC_1,3,3
ImageIII,2ce08127-2275-42b0-a854-85208f0d6068,DopeC,DopeIII,Image,Polygon,43.48,123.87,0.3695,0.0551,0.4095,0.069,83,54,zoneC,Dope,1,DopeIII_1,3,3
ImageIII,a2ca4f35-1f11-4de1-bfe4-2861e2d24067,ZoneC,ZoneC,Image,Ellipse,23,236.5,0.309,0.014,0.2988,0.0154,43.98,23.59,zoneC,Vesicle,2,ZoneC_2,3,3
ImageIII,3234a572-2a10-4e17-8c4c-dd3e47519488,DopeC,DopeIII,Image,Polygon,197,122,0.3293,0.041,0.3117,0.0485,84,52,zoneC,Dope,2,DopeIII_2,3,3
ImageIII,e8cd4c83-fd14-48bf-91bb-52f42fffb954,DopeB,DopeII,Image,Rectangle,140.5,109.5,0.134,0.0074,0.1464,0.0075,95,48,zoneC,Dope,3,DopeII_3,2,2
ImageIII,07622743-4606-466f-80b0-5aaa677bea9c,ZoneC,ZoneC,Image,Ellipse,252.5,289.5,0.2761,0.0197,0.3439,0.0314,63.62,28.27,zoneC,Vesicle,3,ZoneC_3,3,3
ImageIII,9020877d-68ad-446d-93df-ea51e9fec800,DopeA,DopeI,Image,Rectangle,93,74.5,0.1441,0.0088,0.0848,0.0062,140,54,zoneC,Dope,2,DopeI_2,1,1
ImageIII,6d80e688-0a88-4639-a69e-42f9f0136e71,DopeC,DopeIII,Image,Polygon,170,122,0.3379,0.0729,0.2923,0.0572,92,56,zoneC,Dope,3,DopeIII_3,3,3
ImageIII,d5bcc477-d659-462b-a409-4f7d091bdbad,DopeC,DopeIII,Image,Polygon,288.64,119.79,0.3542,0.0482,0.3974,0.0395,90,56,zoneC,Dope,4,DopeIII_4,3,3
ImageIII,a8343a42-b753-49c6-8c13-5124950538fa,DopeA,DopeI,Image,Rectangle,229,73,0.1286,0.0071,0.0811,0.0061,128,48,zoneC,Dope,3,DopeI_3,1,1
ImageIII,38a93b38-de9f-4d17-8c6e-ef4da0eff0b0,DopeB,DopeII,Image,Rectangle,227.5,109,0.1203,0.0062,0.1382,0.0046,92,54,zoneC,Dope,4,DopeII_4,2,2
ImageIII,502915f0-e489-4fbe-9ab8-6342cd4b520f,ZoneC,ZoneC,Image,Ellipse,243,223,0.2664,0.0297,0.2544,0.027,113.1,37.7,zoneC,Vesicle,4,ZoneC_4,3,3
ImageIII,fa62f07a-39c1-429c-9d93-0af4ff334554,ZoneC,ZoneC,Image,Ellipse,175.5,340.5,0.2887,0.0215,0.3742,0.0211,63.62,28.27,zoneC,Vesicle,5,ZoneC_5,3,3
ImageIII,d408ec50-ef92-4f0c-bac6-1dcc061f8350,DopeA,DopeI,Image,Rectangle,359.5,71,0.115,0.0066,0.0659,0.0079,184,62,zoneC,Dope,4,DopeI_4,1,1
ImageIII,bed1c655-2dbd-4f29-abfa-c3d28cd8082a,DopeA,DopeI,Image,Rectangle,67,75.5,0.151,0.0071,0.079,0.0078,98,42,zoneC,Dope,5,DopeI_5,1,1
ImageIII,3f25f15b-4902-4fb9-8693-d9f0cf000ffa,DopeA,DopeI,Image,Rectangle,172.5,73.5,0.1298,0.0075,0.0841,0.0061,147,56,zoneC,Dope,6,DopeI_6,1,1
ImageIII,8d1b1703-91c0-4584-b9b3-e86551945662,ZoneC,ZoneC,Image,Ellipse,78.5,167,0.3238,0.0327,0.3539,0.0408,103.67,36.15,zoneC,Vesicle,6,ZoneC_6,3,3
ImageIII,9b1ec893-010f-4f42-82a6-0b4df6d1e3b1,DopeB,DopeII,Image,Rectangle,288.5,109,0.1231,0.0095,0.141,0.007,84,50,zoneC,Dope,5,DopeII_5,2,2
ImageIII,50853e0c-e8c6-4c9f-a173-d28daeb34550,ZoneC,ZoneC,Image,Ellipse,86,374,0.2673,0.044,0.2777,0.0597,113.1,37.7,zoneC,Vesicle,7,ZoneC_7,3,3
ImageIII,8ff3071a-a288-41b1-88db-b0888728558b,ZoneC,ZoneC,Image,Ellipse,357.5,218.5,0.2683,0.011,0.2713,0.0144,95.03,34.56,zoneC,Vesicle,8,ZoneC_8,3,3
ImageIII,9563f051-db37-47f6-9d1f-0e274cde4307,ZoneC,ZoneC,Image,Ellipse,46,267.5,0.3144,0.0355,0.3327,0.0265,103.67,36.15,zoneC,Vesicle,9,ZoneC_9,3,3
ImageIII,868fe03f-d21c-4e74-9474-48c1e943d4c3,DopeC,DopeIII,Image,Polygon,257.39,119.57,0.3452,0.0561,0.332,0.0656,116,69.12,zoneC,Dope,5,DopeIII_5,3,3
ImageIII,0f717b6d-d131-4b07-9bbf-836cad573c33,DopeB,DopeII,Image,Rectangle,88.5,110,0.1361,0.0071,0.1454,0.0082,76,46,zoneC,Dope,6,DopeII_6,2,2
ImageIII,70e8606d-17e0-467b-b1e7-d1115f88243c,ZoneC,ZoneC,Image,Ellipse,172,211,0.2749,0.0273,0.2863,0.0243,113.1,37.7,zoneC,Vesicle,10,ZoneC_10,3,3
ImageIII,d1ae1306-99a7-441c-8a45-0affc84cc504,DopeC,DopeIII,Image,Polygon,88,125,0.3643,0.0502,0.3628,0.0689,84,52,zoneC,Dope,6,DopeIII_6,3,3
ImageIII,2dd6cc1f-538b-4cee-aa7d-1c73d210c71d,DopeC,DopeIII,Image,Rectangle,322,119,0.365,0.0497,0.3579,0.0574,120,68,zoneC,Dope,7,DopeIII_7,3,3
ImageIII,80c9c8fb-eadb-4bd1-86d5-416fc9e35036,DopeB,DopeII,Image,Rectangle,322,109.5,0.1238,0.0159,0.1365,0.0074,140,66,zoneC,Dope,7,DopeII_7,2,2
ImageIII,1f38605d-ecff-49f0-bd58-9a6cee002ee8,DopeC,DopeIII,Image,Polygon,356.67,118.38,0.3256,0.0377,0.3169,0.034,109.5,62.88,zoneC,Dope,8,DopeIII_8,3,3
ImageIII,96a950e4-c5a0-4b1f-86d5-3594de0e6f29,DopeA,DopeI,Image,Rectangle,200,73.5,0.1294,0.0071,0.0803,0.0055,140,54,zoneC,Dope,7,DopeI_7,1,1
ImageIII,2a575c03-a50f-46a2-9f3a-e05cb67dfa56,DopeB,DopeII,Image,Rectangle,45,110,0.1589,0.0172,0.1716,0.0118,72,44,zoneC,Dope,8,DopeII_8,2,2
ImageIII,6a4f0a2f-13cb-477f-ba14-bb49e3e11119,DopeA,DopeI,Image,Rectangle,144,75,0.1286,0.0092,0.0799,0.0083,144,52,zoneC,Dope,8,DopeI_8,1,1
ImageIII,5f733991-c040-4d77-bc08-f27e2a506f66,DopeA,DopeI,Image,Rectangle,46,75.5,0.1575,0.0081,0.0776,0.0073,140,54,zoneC,Dope,9,DopeI_9,1,1
ImageIII,74c43f6c-706b-4e28-8e6e-f616b848681c,DopeC,DopeIII,Image,Polygon,112.5,124,0.3067,0.0588,0.2788,0.0311,88,54,zoneC,Dope,9,DopeIII_9,3,3
ImageIII,4ea12ff5-8f2d-465c-90c1-498c9906b696,DopeA,DopeI,Image,Rectangle,119,74.5,0.1359,0.0221,0.0959,0.0159,140,54,zoneC,Dope,10,DopeI_10,1,1
ImageIII,08ef4479-b01d-420a-9438-729391d79d11,ZoneC,ZoneC,Image,Ellipse,222.5,211.5,0.3,0.0221,0.2962,0.0148,63.62,28.27,zoneC,Vesicle,11,ZoneC_11,3,3
ImageIII,b2f9a3d7-67ac-407c-936c-ef46f539b191,ZoneC,ZoneC,Image,Ellipse,140,192,0.2446,0.0337,0.1904,0.0187,78.54,31.42,zoneC,Vesicle,12,ZoneC_12,3,3
ImageIII,606a25b6-7157-473d-a991-cda52950b65e,ZoneC,ZoneC,Image,Ellipse,112.5,360,0.2871,0.0196,0.2955,0.0154,102.1,36.28,zoneC,Vesicle,13,ZoneC_13,3,3
ImageIII,40f55c13-636b-42a3-91de-121f6a1c8490,DopeB,DopeII,Image,Rectangle,357,108.5,0.1166,0.0125,0.1257,0.0055,120,58,zoneC,Dope,9,DopeII_9,2,2
ImageIII,d17e4b8e-a3d7-4070-9a15-7e382653f83d,DopeB,DopeII,Image,Rectangle,66,110,0.1407,0.0112,0.1604,0.0136,72,44,zoneC,Dope,10,DopeII_10,2,2
ImageIII,64735c4c-a54a-4dd4-b85a-bcf2ff1ea230,DopeA,DopeI,Image,Rectangle,254.5,72,0.1303,0.0069,0.075,0.0058,152,54,zoneC,Dope,11,DopeI_11,1,1
ImageIII,dba089e3-6c30-47f3-87ca-91d3b8dd7d85,DopeC,DopeIII,Image,Polygon,226.07,119.23,0.3619,0.0683,0.3125,0.0732,103,64,zoneC,Dope,10,DopeIII_10,3,3
ImageIII,4fa90220-7685-4f34-97ba-4507c3687a2a,DopeC,DopeIII,Image,Polygon,140,123,0.2891,0.0583,0.2697,0.025,92,56,zoneC,Dope,11,DopeIII_11,3,3
ImageIII,aaa6213d-a923-45c8-8842-9c4f926ba5f5,DopeC,DopeIII,Image,Polygon,66,125,0.3177,0.0433,0.3082,0.0288,68,44,zoneC,Dope,12,DopeIII_12,3,3
ImageIII,c1a58b7a-e7f0-4a70-86d4-11b908275e4e,DopeB,DopeII,Image,Rectangle,169.5,109.5,0.1214,0.0087,0.1459,0.007,69,52,zoneC,Dope,11,DopeII_11,2,2
ImageIII,31e0ffc5-3947-4c16-a4c7-c4dd46530690,DopeA,DopeI,Image,Rectangle,286,71.5,0.1268,0.0077,0.0731,0.0064,154,58,zoneC,Dope,12,DopeI_12,1,1
ImageIII,1fcf6014-3c6f-460f-a29c-0cc369db4cab,DopeB,DopeII,Image,Rectangle,259.5,108.5,0.1308,0.0248,0.1508,0.0148,125,60,zoneC,Dope,12,DopeII_12,2,2
